<?xml version = "1.0" encoding = "UTF-8"?> <OMObjects><OMObject Type='1'><Module><![CDATA[devETLJob]]></Module><BO><![CDATA[]]></BO><Name><![CDATA[devETLJob]]></Name><File><![CDATA[Business Object_devETLJob__devETLJob.xml]]></File></OMObject><OMObject Type='1'><Module><![CDATA[devETLJob]]></Module><BO><![CDATA[]]></BO><Name><![CDATA[devJobVariable]]></Name><File><![CDATA[Business Object_devETLJob__devJobVariable.xml]]></File></OMObject><OMObject Type='2'><Module><![CDATA[devETLJob]]></Module><BO><![CDATA[devETLJob]]></BO><Name><![CDATA[devETLJob]]></Name><File><![CDATA[GUI_devETLJob_devETLJob_devETLJob.xml]]></File></OMObject><OMObject Type='2'><Module><![CDATA[devETLJob]]></Module><BO><![CDATA[devJobVariable]]></BO><Name><![CDATA[devJobVariable]]></Name><File><![CDATA[GUI_devETLJob_devJobVariable_devJobVariable.xml]]></File></OMObject><OMObject Type='8'><Module><![CDATA[devETLJob]]></Module><BO><![CDATA[]]></BO><Name><![CDATA[devLogLevel]]></Name><File><![CDATA[List_devETLJob__devLogLevel.xml]]></File></OMObject><OMObject Type='5'><Module><![CDATA[]]></Module><BO><![CDATA[]]></BO><Name><![CDATA[devETLJob]]></Name><File><![CDATA[Manager_devETLJob.xml]]></File></OMObject><OMObject Type='6'><Module><![CDATA[]]></Module><BO><![CDATA[]]></BO><Name><![CDATA[devETLJob]]></Name><File><![CDATA[Module_devETLJob.xml]]></File></OMObject><OMObject Type='4'><Module><![CDATA[devETLJob]]></Module><BO><![CDATA[devETLJob]]></BO><Name><![CDATA[devETLJob - Active ETL Jobs]]></Name><File><![CDATA[Query_devETLJob_devETLJob_devETLJob-ActiveETLJobs.xml]]></File></OMObject><OMObject Type='4'><Module><![CDATA[devETLJob]]></Module><BO><![CDATA[devETLJob]]></BO><Name><![CDATA[devETLJob - All ETL Jobs]]></Name><File><![CDATA[Query_devETLJob_devETLJob_devETLJob-AllETLJobs.xml]]></File></OMObject><OMObject Type='4'><Module><![CDATA[devETLJob]]></Module><BO><![CDATA[devJobVariable]]></BO><Name><![CDATA[devJobVariable - Item For Current Job]]></Name><File><![CDATA[Query_devETLJob_devJobVariable_devJobVariable-ItemForCurrentJob.xml]]></File></OMObject><OMObject Type='4'><Module><![CDATA[Mail]]></Module><BO><![CDATA[Event]]></BO><Name><![CDATA[Event - devETLJob - Events For Schedule]]></Name><File><![CDATA[Query_Mail_Event_Event-devETLJob-EventsForSchedule.xml]]></File></OMObject><OMObject Type='13'><Module><![CDATA[System]]></Module><BO><![CDATA[ResourceFile]]></BO><Name><![CDATA[\etl-job.jar]]></Name><File><![CDATA[Record Data_System_ResourceFile_etl-job.jar.xml]]></File></OMObject><OMObject Type='13'><Module><![CDATA[System]]></Module><BO><![CDATA[ClassLoader]]></BO><Name><![CDATA[\ETLClassLoader]]></Name><File><![CDATA[Record Data_System_ClassLoader_ETLClassLoader.xml]]></File></OMObject><OMObject Type='13'><Module><![CDATA[devETLJob]]></Module><BO><![CDATA[devETLJob]]></BO><Name><![CDATA[\JOB-Example]]></Name><File><![CDATA[Record Data_devETLJob_devETLJob_JOB-Example.xml]]></File></OMObject><OMObject Type='3'><Module><![CDATA[devETLJob]]></Module><BO><![CDATA[devETLJob]]></BO><Name><![CDATA[devETLJob - De-Associate devJobVariable - Delete Job Variable]]></Name><File><![CDATA[Workflow_devETLJob_devETLJob_devETLJob-De-AssociatedevJobVariable-DeleteJobVariable.xml]]></File></OMObject><OMObject Type='3'><Module><![CDATA[devETLJob]]></Module><BO><![CDATA[devETLJob]]></BO><Name><![CDATA[devETLJob - De-Associate Event - Delete Schedule]]></Name><File><![CDATA[Workflow_devETLJob_devETLJob_devETLJob-De-AssociateEvent-DeleteSchedule.xml]]></File></OMObject><OMObject Type='3'><Module><![CDATA[devETLJob]]></Module><BO><![CDATA[devETLJob]]></BO><Name><![CDATA[devETLJob - devExecute - Execute Job]]></Name><File><![CDATA[Workflow_devETLJob_devETLJob_devETLJob-devExecute-ExecuteJob.xml]]></File></OMObject><OMObject Type='3'><Module><![CDATA[devETLJob]]></Module><BO><![CDATA[devETLJob]]></BO><Name><![CDATA[devETLJob - Pre-Load - Update Execution Metrics]]></Name><File><![CDATA[Workflow_devETLJob_devETLJob_devETLJob-Pre-Load-UpdateExecutionMetrics.xml]]></File></OMObject><OMObject Type='3'><Module><![CDATA[devETLJob]]></Module><BO><![CDATA[devETLJob]]></BO><Name><![CDATA[devETLJob - SCHEVENTSTART - Execute Job Under Schedule]]></Name><File><![CDATA[Workflow_devETLJob_devETLJob_devETLJob-SCHEVENTSTART-ExecuteJobUnderSchedule.xml]]></File></OMObject><OMObject Type='3'><Module><![CDATA[devETLJob]]></Module><BO><![CDATA[devETLJob]]></BO><Name><![CDATA[devETLJob - Synchronous - Activate Schedules]]></Name><File><![CDATA[Workflow_devETLJob_devETLJob_devETLJob-Synchronous-ActivateSchedules.xml]]></File></OMObject><OMObject Type='3'><Module><![CDATA[devETLJob]]></Module><BO><![CDATA[]]></BO><Name><![CDATA[devETLJob - Synchronous - Assign ID]]></Name><File><![CDATA[Workflow_devETLJob__devETLJob-Synchronous-AssignID.xml]]></File></OMObject><OMObject Type='22'><Module><![CDATA[]]></Module><BO><![CDATA[]]></BO><Name><![CDATA[121365_etl-job.jar]]></Name><ContentType><![CDATA[application/x-zip-compressed]]></ContentType><ContentFileName><![CDATA[etl-job.jar]]></ContentFileName><File><![CDATA[121365_etl-job.jar]]></File></OMObject></OMObjects>