<?xml version="1.0" encoding="UTF-8"?>
<BO><BOHeader Root="1" Sched="0" Type="1" Audit="0" AuditAccess="0" AuditAction="0" AuditComment="0" AuditSign="0" Approval="0" StageTable="0" SingTab="0"><Module><![CDATA[devETLJob]]></Module><Name><![CDATA[devETLJob]]></Name><Label><![CDATA[ETL Job]]></Label><Description><![CDATA[Represents an ETL (Extract/Transform/Load) Job]]></Description><AuditLevel /></BOHeader><Associations><Association AssocDepend="0" ProjContainmentDisabled="0" CascadeReadOnly="0"><AssocMod><![CDATA[Classification]]></AssocMod><AssocBo><![CDATA[triStatus]]></AssocBo><AssocName><![CDATA[Classified By]]></AssocName><AssocRevName><![CDATA[Classifies]]></AssocRevName></Association><Association AssocDepend="1" ProjContainmentDisabled="0" CascadeReadOnly="0"><AssocMod><![CDATA[Mail]]></AssocMod><AssocBo><![CDATA[Event]]></AssocBo><AssocName><![CDATA[Scheduled]]></AssocName><AssocRevName><![CDATA[Scheduled]]></AssocRevName></Association><Association AssocDepend="1" ProjContainmentDisabled="0" CascadeReadOnly="0"><AssocMod><![CDATA[devETLJob]]></AssocMod><AssocBo><![CDATA[devJobVariable]]></AssocBo><AssocName><![CDATA[Has Item]]></AssocName><AssocRevName><![CDATA[Item For]]></AssocRevName></Association></Associations><Sections><Section Type="0" Input="0" Vert="0" Passthrough="0" LiveLink="0" Override="0" Multi="0" UsedByDC="0" RequiredByDC="0"><Name><![CDATA[General]]></Name><Label><![CDATA[General]]></Label><Association /><TempAssociation /><LayOutTab /><DCKeys /><Fields><Field UomType="-1" HierClsType="9" EditUomType="0" MField="0" FieldLiveLink="0" FormulaFlag="0" UseInTot="0" UseInRes="0" ResultDispSeq="0" ReadOnly="1" LocFlag="0" NoAutoPop="0" GenOnCrt="0" FullPath="0" DepListFlag="0" BaseCurField="0" RefResultDispSeq="0" MFieldSeq="0" Size="0.0" DateDefNum="0" StageField="0" StageFieldKey="0" UseCustomPrecisionMask="0" StoragePrecision="12" RoundingRule="4"><Name><![CDATA[triRecordNameSY]]></Name><Description><![CDATA[Record Name]]></Description><Purpose /><Type><![CDATA[System Read Only]]></Type><Label><![CDATA[Record Name]]></Label><DVal /><Validation /><Required><![CDATA[N]]></Required><FormulaType><![CDATA[R]]></FormulaType><UomTypeName /><Uom /><RollUpType /><LTab><![CDATA[General]]></LTab><LSec><![CDATA[General]]></LSec><SubType><![CDATA[Record Name]]></SubType><Association /><Format /><RollUpSource /><DisplayMask><![CDATA[#.####]]></DisplayMask></Field><Field UomType="-1" HierClsType="0" EditUomType="0" MField="1" FieldLiveLink="0" FormulaFlag="0" UseInTot="0" UseInRes="1" ResultDispSeq="1" ReadOnly="0" LocFlag="0" NoAutoPop="1" GenOnCrt="0" FullPath="0" DepListFlag="0" BaseCurField="0" RefResultDispSeq="0" MFieldSeq="1" Size="150.0" DateDefNum="0" StageField="1" StageFieldKey="0" UseCustomPrecisionMask="0" StoragePrecision="12" RoundingRule="4"><Name><![CDATA[triNameTX]]></Name><Description /><Purpose /><Type><![CDATA[Text]]></Type><Label><![CDATA[Name]]></Label><DVal /><Validation /><Required><![CDATA[Y]]></Required><FormulaType><![CDATA[R]]></FormulaType><UomTypeName /><Uom /><RollUpType /><LTab><![CDATA[General]]></LTab><LSec><![CDATA[General]]></LSec><SubType /><Association /><Format /><RollUpSource /><DisplayMask><![CDATA[#.####]]></DisplayMask></Field><Field UomType="-1" HierClsType="0" EditUomType="0" MField="1" FieldLiveLink="0" FormulaFlag="0" UseInTot="0" UseInRes="1" ResultDispSeq="0" ReadOnly="0" LocFlag="0" NoAutoPop="1" GenOnCrt="0" FullPath="0" DepListFlag="0" BaseCurField="0" RefResultDispSeq="0" MFieldSeq="0" Size="150.0" DateDefNum="0" StageField="1" StageFieldKey="0" UseCustomPrecisionMask="0" StoragePrecision="12" RoundingRule="4"><Name><![CDATA[triIdTX]]></Name><Description><![CDATA[ID]]></Description><Purpose /><Type><![CDATA[Text]]></Type><Label><![CDATA[ID]]></Label><DVal /><Validation /><Required><![CDATA[N]]></Required><FormulaType><![CDATA[R]]></FormulaType><UomTypeName /><Uom /><RollUpType /><LTab><![CDATA[General]]></LTab><LSec><![CDATA[General]]></LSec><SubType /><Association /><Format /><RollUpSource /><DisplayMask><![CDATA[#.####]]></DisplayMask></Field><Field UomType="-1" HierClsType="9" EditUomType="0" MField="0" FieldLiveLink="0" FormulaFlag="0" UseInTot="0" UseInRes="0" ResultDispSeq="0" ReadOnly="1" LocFlag="0" NoAutoPop="1" GenOnCrt="1" FullPath="0" DepListFlag="0" BaseCurField="0" RefResultDispSeq="0" MFieldSeq="0" Size="0.0" DateDefNum="0" StageField="0" StageFieldKey="0" UseCustomPrecisionMask="0" StoragePrecision="12" RoundingRule="4"><Name><![CDATA[triControlNumberCN]]></Name><Description><![CDATA[Control Number are always read only.]]></Description><Purpose /><Type><![CDATA[Control Number]]></Type><Label><![CDATA[Control Number]]></Label><DVal /><Validation /><Required><![CDATA[N]]></Required><FormulaType><![CDATA[R]]></FormulaType><UomTypeName /><Uom /><RollUpType /><LTab><![CDATA[General]]></LTab><LSec><![CDATA[General]]></LSec><SubType /><Association /><Format /><RollUpSource /><DisplayMask><![CDATA[#.####]]></DisplayMask></Field><Field UomType="-1" HierClsType="0" EditUomType="0" MField="0" FieldLiveLink="0" FormulaFlag="0" UseInTot="0" UseInRes="0" ResultDispSeq="0" ReadOnly="0" LocFlag="0" NoAutoPop="1" GenOnCrt="0" FullPath="0" DepListFlag="0" BaseCurField="0" RefResultDispSeq="0" MFieldSeq="0" Size="150.0" DateDefNum="0" StageField="1" StageFieldKey="0" UseCustomPrecisionMask="0" StoragePrecision="12" RoundingRule="4"><Name><![CDATA[devJobBONameTX]]></Name><Description><![CDATA[DataConnect Job Business object that is triggered by this ETL job.]]></Description><Purpose /><Type><![CDATA[Text]]></Type><Label><![CDATA[DataConnect Job Object]]></Label><DVal /><Validation /><Required><![CDATA[N]]></Required><FormulaType><![CDATA[R]]></FormulaType><UomTypeName /><Uom /><RollUpType /><LTab><![CDATA[General]]></LTab><LSec><![CDATA[General]]></LSec><SubType /><Association /><Format /><RollUpSource /><DisplayMask><![CDATA[#.####]]></DisplayMask></Field><Field UomType="-1" HierClsType="0" EditUomType="0" MField="0" FieldLiveLink="0" FormulaFlag="0" UseInTot="0" UseInRes="0" ResultDispSeq="0" ReadOnly="0" LocFlag="0" NoAutoPop="1" GenOnCrt="0" FullPath="0" DepListFlag="0" BaseCurField="0" RefResultDispSeq="0" MFieldSeq="0" Size="-1.0" DateDefNum="0" StageField="1" StageFieldKey="0" UseCustomPrecisionMask="0" StoragePrecision="12" RoundingRule="4"><Name><![CDATA[devDataConnectBL]]></Name><Description><![CDATA[Indicates this ETL job loads DataConnect staging tables.]]></Description><Purpose /><Type><![CDATA[Checkbox]]></Type><Label><![CDATA[Data Connect Job]]></Label><DVal /><Validation /><Required><![CDATA[N]]></Required><FormulaType><![CDATA[R]]></FormulaType><UomTypeName /><Uom /><RollUpType /><LTab><![CDATA[General]]></LTab><LSec><![CDATA[General]]></LSec><SubType /><Association /><Format /><RollUpSource /><DisplayMask><![CDATA[#.####]]></DisplayMask></Field><Field UomType="-1" HierClsType="0" EditUomType="0" MField="0" FieldLiveLink="0" FormulaFlag="0" UseInTot="0" UseInRes="0" ResultDispSeq="0" ReadOnly="1" LocFlag="0" NoAutoPop="1" GenOnCrt="0" FullPath="0" DepListFlag="0" BaseCurField="0" RefResultDispSeq="0" MFieldSeq="0" Size="150.0" DateDefNum="0" StageField="0" StageFieldKey="0" UseCustomPrecisionMask="0" StoragePrecision="12" RoundingRule="4"><Name><![CDATA[devExecutionStatusTX]]></Name><Description><![CDATA[Status of last job execution.]]></Description><Purpose /><Type><![CDATA[Text]]></Type><Label><![CDATA[Last Execution Status]]></Label><DVal /><Validation /><Required><![CDATA[N]]></Required><FormulaType><![CDATA[R]]></FormulaType><UomTypeName /><Uom /><RollUpType /><LTab><![CDATA[General]]></LTab><LSec><![CDATA[General]]></LSec><SubType /><Association /><Format /><RollUpSource /><DisplayMask><![CDATA[#.####]]></DisplayMask></Field><Field UomType="-1" HierClsType="0" EditUomType="0" MField="0" FieldLiveLink="0" FormulaFlag="0" UseInTot="0" UseInRes="0" ResultDispSeq="0" ReadOnly="1" LocFlag="0" NoAutoPop="1" GenOnCrt="0" FullPath="0" DepListFlag="0" BaseCurField="0" RefResultDispSeq="0" MFieldSeq="0" Size="-1.0" DateDefNum="0" StageField="0" StageFieldKey="0" UseCustomPrecisionMask="0" StoragePrecision="12" RoundingRule="4"><Name><![CDATA[devExecutionStartDT]]></Name><Description><![CDATA[Start date/time of last job execution.]]></Description><Purpose /><Type><![CDATA[Date and Time]]></Type><Label><![CDATA[Last Execution Start]]></Label><DVal /><Validation /><Required><![CDATA[N]]></Required><FormulaType><![CDATA[R]]></FormulaType><UomTypeName /><Uom /><RollUpType /><LTab><![CDATA[General]]></LTab><LSec><![CDATA[General]]></LSec><SubType /><Association /><Format /><RollUpSource /><DisplayMask><![CDATA[#.####]]></DisplayMask></Field><Field UomType="-1" HierClsType="0" EditUomType="0" MField="0" FieldLiveLink="0" FormulaFlag="1" UseInTot="0" UseInRes="0" ResultDispSeq="0" ReadOnly="1" LocFlag="0" NoAutoPop="1" GenOnCrt="0" FullPath="0" DepListFlag="0" BaseCurField="0" RefResultDispSeq="0" MFieldSeq="0" Size="-1.0" DateDefNum="0" StageField="0" StageFieldKey="0" UseCustomPrecisionMask="0" StoragePrecision="12" RoundingRule="4"><Name><![CDATA[devExecutionDurationDU]]></Name><Description><![CDATA[Duration of last job execution.]]></Description><Purpose /><Type><![CDATA[Duration]]></Type><Label><![CDATA[Last Execution Duration]]></Label><DVal><![CDATA[0]]></DVal><Validation /><Required><![CDATA[N]]></Required><FormulaType><![CDATA[E]]></FormulaType><UomTypeName /><Uom /><RollUpType /><LTab><![CDATA[General]]></LTab><LSec><![CDATA[General]]></LSec><SubType /><Association /><Format /><RollUpSource /><DisplayMask><![CDATA[#.####]]></DisplayMask><EFormula><EFormulaExpr><![CDATA[end - start]]></EFormulaExpr><EParams><EParam><EParamId><![CDATA[1]]></EParamId><EParamType><![CDATA[I]]></EParamType><EParamName><![CDATA[start]]></EParamName><EParamData><![CDATA[[FIELD][{SECTION}{General}{devExecutionStartDT}]]]></EParamData><EParamQryFld><![CDATA[F]]></EParamQryFld><EParamDisplay><![CDATA[General:devExecutionStartDT]]></EParamDisplay></EParam><EParam><EParamId><![CDATA[2]]></EParamId><EParamType><![CDATA[I]]></EParamType><EParamName><![CDATA[end]]></EParamName><EParamData><![CDATA[[FIELD][{SECTION}{General}{devExecutionEndDT}]]]></EParamData><EParamQryFld><![CDATA[F]]></EParamQryFld><EParamDisplay><![CDATA[General:devExecutionEndDT]]></EParamDisplay></EParam><EParam><EParamId><![CDATA[3]]></EParamId><EParamType><![CDATA[O]]></EParamType><EParamName /><EParamData /><EParamQryFld /><EParamDisplay><![CDATA[General:Last Execution Duration]]></EParamDisplay></EParam></EParams></EFormula></Field><Field UomType="-1" HierClsType="0" EditUomType="0" MField="0" FieldLiveLink="0" FormulaFlag="0" UseInTot="0" UseInRes="0" ResultDispSeq="0" ReadOnly="0" LocFlag="0" NoAutoPop="1" GenOnCrt="0" FullPath="0" DepListFlag="0" BaseCurField="0" RefResultDispSeq="0" MFieldSeq="0" Size="-1.0" DateDefNum="0" StageField="1" StageFieldKey="0" UseCustomPrecisionMask="0" StoragePrecision="12" RoundingRule="4"><Name><![CDATA[devLogLevelLI]]></Name><Description><![CDATA[Detail level for logging during job execution.]]></Description><Purpose /><Type><![CDATA[List]]></Type><Label><![CDATA[Log Level]]></Label><DVal><![CDATA[Basic]]></DVal><Validation /><Required><![CDATA[N]]></Required><FormulaType><![CDATA[R]]></FormulaType><UomTypeName /><Uom /><RollUpType /><LTab><![CDATA[General]]></LTab><LSec><![CDATA[General]]></LSec><SubType /><Association /><Format /><RollUpSource /><DisplayMask><![CDATA[#.####]]></DisplayMask><RefSysObj><![CDATA[devLogLevel]]></RefSysObj><RefSysObjModule><![CDATA[devETLJob]]></RefSysObjModule></Field><Field UomType="-1" HierClsType="0" EditUomType="0" MField="0" FieldLiveLink="0" FormulaFlag="0" UseInTot="0" UseInRes="0" ResultDispSeq="0" ReadOnly="0" LocFlag="0" NoAutoPop="1" GenOnCrt="0" FullPath="0" DepListFlag="0" BaseCurField="0" RefResultDispSeq="0" MFieldSeq="0" Size="1000.0" DateDefNum="0" StageField="1" StageFieldKey="0" UseCustomPrecisionMask="0" StoragePrecision="12" RoundingRule="4"><Name><![CDATA[devLogFileTX]]></Name><Description><![CDATA[Log file that will capture output generated during job execution.]]></Description><Purpose /><Type><![CDATA[Text]]></Type><Label><![CDATA[Log File]]></Label><DVal /><Validation /><Required><![CDATA[N]]></Required><FormulaType><![CDATA[R]]></FormulaType><UomTypeName /><Uom /><RollUpType /><LTab><![CDATA[General]]></LTab><LSec><![CDATA[General]]></LSec><SubType /><Association /><Format /><RollUpSource /><DisplayMask><![CDATA[#.####]]></DisplayMask></Field><Field UomType="-1" HierClsType="0" EditUomType="0" MField="1" FieldLiveLink="0" FormulaFlag="0" UseInTot="0" UseInRes="1" ResultDispSeq="2" ReadOnly="0" LocFlag="0" NoAutoPop="1" GenOnCrt="0" FullPath="0" DepListFlag="0" BaseCurField="0" RefResultDispSeq="0" MFieldSeq="2" Size="1000.0" DateDefNum="0" StageField="1" StageFieldKey="0" UseCustomPrecisionMask="0" StoragePrecision="12" RoundingRule="4"><Name><![CDATA[devJobFileTX]]></Name><Description><![CDATA[The Kettle Job (.kjb) file that this job will execute.]]></Description><Purpose /><Type><![CDATA[Text]]></Type><Label><![CDATA[Job File]]></Label><DVal /><Validation /><Required><![CDATA[Y]]></Required><FormulaType><![CDATA[R]]></FormulaType><UomTypeName /><Uom /><RollUpType /><LTab><![CDATA[General]]></LTab><LSec><![CDATA[General]]></LSec><SubType /><Association /><Format /><RollUpSource /><DisplayMask><![CDATA[#.####]]></DisplayMask></Field><Field UomType="-1" HierClsType="0" EditUomType="0" MField="1" FieldLiveLink="0" FormulaFlag="0" UseInTot="0" UseInRes="0" ResultDispSeq="3" ReadOnly="1" LocFlag="0" NoAutoPop="1" GenOnCrt="0" FullPath="0" DepListFlag="0" BaseCurField="0" RefResultDispSeq="0" MFieldSeq="3" Size="-1.0" DateDefNum="0" StageField="0" StageFieldKey="0" UseCustomPrecisionMask="0" StoragePrecision="12" RoundingRule="4"><Name><![CDATA[triStatusCL]]></Name><Description><![CDATA[Status]]></Description><Purpose /><Type><![CDATA[Classification]]></Type><Label><![CDATA[Status]]></Label><DVal /><Validation /><Required><![CDATA[N]]></Required><FormulaType><![CDATA[R]]></FormulaType><UomTypeName /><Uom /><RollUpType /><LTab><![CDATA[General]]></LTab><LSec><![CDATA[General]]></LSec><SubType /><Association><![CDATA[Classified By]]></Association><Format /><RollUpSource /><DisplayMask><![CDATA[#.####]]></DisplayMask><ClassificationRoot><![CDATA[\Classifications\Status]]></ClassificationRoot></Field><Field UomType="-1" HierClsType="9" EditUomType="0" MField="0" FieldLiveLink="0" FormulaFlag="0" UseInTot="0" UseInRes="0" ResultDispSeq="0" ReadOnly="1" LocFlag="0" NoAutoPop="0" GenOnCrt="0" FullPath="0" DepListFlag="0" BaseCurField="0" RefResultDispSeq="0" MFieldSeq="0" Size="0.0" DateDefNum="0" StageField="0" StageFieldKey="0" UseCustomPrecisionMask="0" StoragePrecision="12" RoundingRule="4"><Name><![CDATA[triRecordStateSY]]></Name><Description><![CDATA[Record State]]></Description><Purpose /><Type><![CDATA[System Read Only]]></Type><Label><![CDATA[Record State]]></Label><DVal /><Validation /><Required><![CDATA[N]]></Required><FormulaType><![CDATA[R]]></FormulaType><UomTypeName /><Uom /><RollUpType /><LTab><![CDATA[General]]></LTab><LSec><![CDATA[General]]></LSec><SubType><![CDATA[Object State]]></SubType><Association /><Format /><RollUpSource /><DisplayMask><![CDATA[#.####]]></DisplayMask></Field><Field UomType="-1" HierClsType="9" EditUomType="0" MField="0" FieldLiveLink="0" FormulaFlag="0" UseInTot="0" UseInRes="0" ResultDispSeq="0" ReadOnly="1" LocFlag="0" NoAutoPop="0" GenOnCrt="0" FullPath="0" DepListFlag="0" BaseCurField="0" RefResultDispSeq="0" MFieldSeq="0" Size="0.0" DateDefNum="0" StageField="0" StageFieldKey="0" UseCustomPrecisionMask="0" StoragePrecision="12" RoundingRule="4"><Name><![CDATA[triCreatedSY]]></Name><Description><![CDATA[Created Date/Time]]></Description><Purpose /><Type><![CDATA[System Read Only]]></Type><Label><![CDATA[Created Date/Time]]></Label><DVal /><Validation /><Required><![CDATA[N]]></Required><FormulaType><![CDATA[R]]></FormulaType><UomTypeName /><Uom /><RollUpType /><LTab><![CDATA[General]]></LTab><LSec><![CDATA[General]]></LSec><SubType><![CDATA[Created DateTime]]></SubType><Association /><Format /><RollUpSource /><DisplayMask><![CDATA[#.####]]></DisplayMask></Field><Field UomType="-1" HierClsType="9" EditUomType="0" MField="0" FieldLiveLink="0" FormulaFlag="0" UseInTot="0" UseInRes="0" ResultDispSeq="0" ReadOnly="1" LocFlag="0" NoAutoPop="0" GenOnCrt="0" FullPath="0" DepListFlag="0" BaseCurField="0" RefResultDispSeq="0" MFieldSeq="0" Size="0.0" DateDefNum="0" StageField="0" StageFieldKey="0" UseCustomPrecisionMask="0" StoragePrecision="12" RoundingRule="4"><Name><![CDATA[triRecordIdSY]]></Name><Description><![CDATA[System Record ID]]></Description><Purpose /><Type><![CDATA[System Read Only]]></Type><Label><![CDATA[System Record ID]]></Label><DVal /><Validation /><Required><![CDATA[N]]></Required><FormulaType><![CDATA[R]]></FormulaType><UomTypeName /><Uom /><RollUpType /><LTab><![CDATA[General]]></LTab><LSec><![CDATA[General]]></LSec><SubType><![CDATA[BO Record Id]]></SubType><Association /><Format /><RollUpSource /><DisplayMask><![CDATA[#.####]]></DisplayMask></Field><Field UomType="-1" HierClsType="0" EditUomType="0" MField="0" FieldLiveLink="0" FormulaFlag="0" UseInTot="0" UseInRes="0" ResultDispSeq="0" ReadOnly="1" LocFlag="0" NoAutoPop="1" GenOnCrt="0" FullPath="0" DepListFlag="0" BaseCurField="0" RefResultDispSeq="0" MFieldSeq="0" Size="-1.0" DateDefNum="0" StageField="0" StageFieldKey="0" UseCustomPrecisionMask="0" StoragePrecision="12" RoundingRule="4"><Name><![CDATA[devExecutionEndDT]]></Name><Description><![CDATA[End date/time of last job execution.]]></Description><Purpose /><Type><![CDATA[Date and Time]]></Type><Label><![CDATA[Last Execution End]]></Label><DVal /><Validation /><Required><![CDATA[N]]></Required><FormulaType><![CDATA[R]]></FormulaType><UomTypeName /><Uom /><RollUpType /><LTab><![CDATA[General]]></LTab><LSec><![CDATA[General]]></LSec><SubType /><Association /><Format /><RollUpSource /><DisplayMask><![CDATA[#.####]]></DisplayMask></Field></Fields></Section></Sections><StateTransitions><StateTransition CloseScr="0" Display="1" ReadOnly="0" Seq="0" StateSeq="0"><State><![CDATA[null]]></State><Action><![CDATA[triCreateDraft]]></Action><NState><![CDATA[triDraft]]></NState><ActLabel><![CDATA[Create Draft]]></ActLabel><EJB /><Method /><SubLabels><SubLabel SLSeq="0" SLAuditAct="1"><SLName><![CDATA[Create Draft]]></SLName><SLWF><![CDATA[devETLJob - Synchronous - Assign ID]]></SLWF><SLWFBO /><SLWFMod><![CDATA[devETLJob]]></SLWFMod><SLFields><SLField><SLFieldVal><![CDATA[Draft]]></SLFieldVal><SLFieldName><![CDATA[triStatusCL]]></SLFieldName><SLFieldSecName><![CDATA[General]]></SLFieldSecName></SLField></SLFields><SLIncExcs><SLIncExc SLIncExcType="I"><SLIncExcAct><![CDATA[Activate]]></SLIncExcAct></SLIncExc><SLIncExc SLIncExcType="I"><SLIncExcAct><![CDATA[Create Draft]]></SLIncExcAct></SLIncExc></SLIncExcs></SubLabel></SubLabels></StateTransition><StateTransition CloseScr="1" Display="1" ReadOnly="0" Seq="1" StateSeq="0"><State><![CDATA[null]]></State><Action><![CDATA[triActivate]]></Action><NState><![CDATA[triActive]]></NState><ActLabel><![CDATA[Activate]]></ActLabel><EJB /><Method /><SubLabels><SubLabel SLSeq="0" SLAuditAct="1"><SLName><![CDATA[Activate]]></SLName><SLWF><![CDATA[devETLJob - Synchronous - Assign ID]]></SLWF><SLWFBO /><SLWFMod><![CDATA[devETLJob]]></SLWFMod><SLFields><SLField><SLFieldVal><![CDATA[Active]]></SLFieldVal><SLFieldName><![CDATA[triStatusCL]]></SLFieldName><SLFieldSecName><![CDATA[General]]></SLFieldSecName></SLField></SLFields><SLIncExcs><SLIncExc SLIncExcType="I"><SLIncExcAct><![CDATA[Activate]]></SLIncExcAct></SLIncExc><SLIncExc SLIncExcType="I"><SLIncExcAct><![CDATA[Create Draft]]></SLIncExcAct></SLIncExc></SLIncExcs></SubLabel></SubLabels></StateTransition><StateTransition CloseScr="0" Display="1" ReadOnly="1" Seq="6" StateSeq="0"><State><![CDATA[triActive]]></State><Action><![CDATA[triRevise]]></Action><NState><![CDATA[triDraft]]></NState><ActLabel><![CDATA[Revise]]></ActLabel><EJB /><Method /><SubLabels><SubLabel SLSeq="0" SLAuditAct="1"><SLName><![CDATA[Revise]]></SLName><SLFields><SLField><SLFieldVal><![CDATA[Draft]]></SLFieldVal><SLFieldName><![CDATA[triStatusCL]]></SLFieldName><SLFieldSecName><![CDATA[General]]></SLFieldSecName></SLField></SLFields><SLIncExcs><SLIncExc SLIncExcType="I"><SLIncExcAct><![CDATA[Retire]]></SLIncExcAct></SLIncExc><SLIncExc SLIncExcType="I"><SLIncExcAct><![CDATA[Revise]]></SLIncExcAct></SLIncExc></SLIncExcs></SubLabel></SubLabels></StateTransition><StateTransition CloseScr="1" Display="1" ReadOnly="1" Seq="7" StateSeq="0"><State><![CDATA[triActive]]></State><Action><![CDATA[triRetire]]></Action><NState><![CDATA[triRetired]]></NState><ActLabel><![CDATA[Retire]]></ActLabel><EJB /><Method /><SubLabels><SubLabel SLSeq="0" SLAuditAct="1"><SLName><![CDATA[Retire]]></SLName><SLFields><SLField><SLFieldVal><![CDATA[Retired]]></SLFieldVal><SLFieldName><![CDATA[triStatusCL]]></SLFieldName><SLFieldSecName><![CDATA[General]]></SLFieldSecName></SLField></SLFields><SLIncExcs><SLIncExc SLIncExcType="I"><SLIncExcAct><![CDATA[Retire]]></SLIncExcAct></SLIncExc><SLIncExc SLIncExcType="I"><SLIncExcAct><![CDATA[Revise]]></SLIncExcAct></SLIncExc></SLIncExcs></SubLabel></SubLabels></StateTransition><StateTransition CloseScr="1" Display="1" ReadOnly="1" Seq="8" StateSeq="0"><State><![CDATA[triActive]]></State><Action><![CDATA[devExecute]]></Action><NState><![CDATA[triActive]]></NState><ActLabel><![CDATA[Execute]]></ActLabel><EJB /><Method /><SubLabels><SubLabel SLSeq="0" SLAuditAct="1"><SLName><![CDATA[Execute]]></SLName><SLIncExcs><SLIncExc SLIncExcType="I"><SLIncExcAct><![CDATA[Execute]]></SLIncExcAct></SLIncExc><SLIncExc SLIncExcType="I"><SLIncExcAct><![CDATA[Retire]]></SLIncExcAct></SLIncExc><SLIncExc SLIncExcType="I"><SLIncExcAct><![CDATA[Revise]]></SLIncExcAct></SLIncExc></SLIncExcs></SubLabel></SubLabels></StateTransition><StateTransition CloseScr="0" Display="1" ReadOnly="0" Seq="2" StateSeq="0"><State><![CDATA[triDraft]]></State><Action><![CDATA[triActivate]]></Action><NState><![CDATA[triActive]]></NState><ActLabel><![CDATA[Activate]]></ActLabel><EJB /><Method /><SubLabels><SubLabel SLSeq="0" SLAuditAct="1"><SLName><![CDATA[Activate]]></SLName><SLFields><SLField><SLFieldVal><![CDATA[Active]]></SLFieldVal><SLFieldName><![CDATA[triStatusCL]]></SLFieldName><SLFieldSecName><![CDATA[General]]></SLFieldSecName></SLField></SLFields><SLIncExcs><SLIncExc SLIncExcType="I"><SLIncExcAct><![CDATA[Activate]]></SLIncExcAct></SLIncExc><SLIncExc SLIncExcType="I"><SLIncExcAct><![CDATA[Retire]]></SLIncExcAct></SLIncExc><SLIncExc SLIncExcType="I"><SLIncExcAct><![CDATA[Save]]></SLIncExcAct></SLIncExc><SLIncExc SLIncExcType="I"><SLIncExcAct><![CDATA[Save & Close]]></SLIncExcAct></SLIncExc></SLIncExcs></SubLabel></SubLabels></StateTransition><StateTransition CloseScr="0" Display="1" ReadOnly="0" Seq="3" StateSeq="0"><State><![CDATA[triDraft]]></State><Action><![CDATA[triSave]]></Action><NState><![CDATA[triDraft]]></NState><ActLabel><![CDATA[Save]]></ActLabel><EJB /><Method /></StateTransition><StateTransition CloseScr="1" Display="1" ReadOnly="0" Seq="4" StateSeq="0"><State><![CDATA[triDraft]]></State><Action><![CDATA[triSaveAndClose]]></Action><NState><![CDATA[triDraft]]></NState><ActLabel><![CDATA[Save & Close]]></ActLabel><EJB /><Method /></StateTransition><StateTransition CloseScr="1" Display="1" ReadOnly="0" Seq="5" StateSeq="0"><State><![CDATA[triDraft]]></State><Action><![CDATA[triRetire]]></Action><NState><![CDATA[triRetired]]></NState><ActLabel><![CDATA[Retire]]></ActLabel><EJB /><Method /><SubLabels><SubLabel SLSeq="0" SLAuditAct="1"><SLName><![CDATA[Retire]]></SLName><SLFields><SLField><SLFieldVal><![CDATA[Retired]]></SLFieldVal><SLFieldName><![CDATA[triStatusCL]]></SLFieldName><SLFieldSecName><![CDATA[General]]></SLFieldSecName></SLField></SLFields><SLIncExcs><SLIncExc SLIncExcType="I"><SLIncExcAct><![CDATA[Activate]]></SLIncExcAct></SLIncExc><SLIncExc SLIncExcType="I"><SLIncExcAct><![CDATA[Retire]]></SLIncExcAct></SLIncExc><SLIncExc SLIncExcType="I"><SLIncExcAct><![CDATA[Save]]></SLIncExcAct></SLIncExc><SLIncExc SLIncExcType="I"><SLIncExcAct><![CDATA[Save & Close]]></SLIncExcAct></SLIncExc></SLIncExcs></SubLabel></SubLabels></StateTransition><StateTransition CloseScr="0" Display="1" ReadOnly="1" Seq="9" StateSeq="0"><State><![CDATA[triRetired]]></State><Action><![CDATA[triRevise]]></Action><NState><![CDATA[triDraft]]></NState><ActLabel><![CDATA[Revise]]></ActLabel><EJB /><Method /><SubLabels><SubLabel SLSeq="0" SLAuditAct="1"><SLName><![CDATA[Revise]]></SLName><SLFields><SLField><SLFieldVal><![CDATA[Draft]]></SLFieldVal><SLFieldName><![CDATA[triStatusCL]]></SLFieldName><SLFieldSecName><![CDATA[General]]></SLFieldSecName></SLField></SLFields><SLIncExcs><SLIncExc SLIncExcType="I"><SLIncExcAct><![CDATA[Delete]]></SLIncExcAct></SLIncExc><SLIncExc SLIncExcType="I"><SLIncExcAct><![CDATA[Revise]]></SLIncExcAct></SLIncExc></SLIncExcs></SubLabel></SubLabels></StateTransition><StateTransition CloseScr="1" Display="1" ReadOnly="1" Seq="10" StateSeq="0"><State><![CDATA[triRetired]]></State><Action><![CDATA[triDelete]]></Action><NState><![CDATA[null]]></NState><ActLabel><![CDATA[Delete]]></ActLabel><EJB /><Method /></StateTransition></StateTransitions><Mappings CntrlNumPref="0" CntrlNumStart="1000000"><CntrlNumDelim><![CDATA[-]]></CntrlNumDelim><NameMap><Map MapType="1" MapFieldSystemFlag="0"><MapField><![CDATA[triIdTX]]></MapField><MapFieldSec><![CDATA[General]]></MapFieldSec><MapFieldLbl><![CDATA[ID]]></MapFieldLbl></Map></NameMap><ImageMap><Map MapType="0"><MapField><![CDATA[Image]]></MapField><MapFieldSec /><MapFieldLbl><![CDATA[Image]]></MapFieldLbl></Map></ImageMap><PrefixMap><Map MapType="0"><MapField><![CDATA[JOB]]></MapField><MapFieldSec /><MapFieldLbl><![CDATA[JOB]]></MapFieldLbl></Map></PrefixMap></Mappings></BO>
