<?xml version="1.0" encoding="UTF-8"?>
<GUI><GUIHeader AssocTab="0" Sched="0" Type="0" Audit="0" AuditAction="0" Approval="0" SingTab="1" WFTab="0" PrintTab="0" Default="1" ExcelCal="0"><Module><![CDATA[devETLJob]]></Module><BoName><![CDATA[devJobVariable]]></BoName><Name><![CDATA[devJobVariable]]></Name><Label><![CDATA[Job Variable]]></Label><Description /></GUIHeader><Tabs><Tab TId="1" Seq="1" Visible="1" Custom="0"><TName><![CDATA[triGeneral]]></TName><TLabel><![CDATA[General]]></TLabel><THeader /><TComment /><TURL /><AccessKey /><TStyle /><Sections><Section SId="1" Type="0" Seq="0" SRow="1" SCol="1" RSpan="1" CSpan="12" Visible="1" ROnly="0" ShowEmbeddedLink="0" ParentSecId="-1" ShowHdr="1" BorderSize="0" Height="0" Input="0" ShowAdd="0" FinRep="0" SingleSelect="0" SelectAssociationTemp="0" RefreshTime="0" FixedColCnt="0" HierarchyFieldsSection="0" ComparisonSection="0" PrinterFriendlyLink="0" SmartQueryFormat="0" Orientation="0"><Name><![CDATA[triGeneral]]></Name><Label><![CDATA[General]]></Label><Association /><SelectAssociation /><DDSecName /><BGround /><TitleColor /><BorderColor /><SStyle /><ComparisonAssociation /><Fields><Field FId="1" SRow="1" RSpan="1" SCol="1" CSpan="1" NoLabel="0" Size="500" ROnly="0" Border="1" Visible="1" ShowUom="0" GroupSeq="0" Width="0" TabOrder="0" MinSize="0" MaxSize="0" FldPos="0" DAlign="0" UIType="0" AtrSeq="1007" IconPos="0" ScoreType="0" HierarchicalParentFieldId="0" DefaultHierarchicalState="0" DeltaType="0" DeltaPrecision="0" UseCustomDisplay="0" ColumnUse="0"><Name><![CDATA[devVariableNameTX]]></Name><Type><![CDATA[Text]]></Type><Label><![CDATA[Variable Name]]></Label><Required><![CDATA[Y]]></Required><DDFieldName><![CDATA[devVariableNameTX]]></DDFieldName><DDFldSecName><![CDATA[General]]></DDFldSecName><LFont><![CDATA[Trebuchet]]></LFont><LColor><![CDATA[#000000]]></LColor><LSize><![CDATA[10]]></LSize><LWeight><![CDATA[Bold]]></LWeight><SubType /><Format /><LabStyle /><DataStyle><![CDATA[dataStyleClass1]]></DataStyle><Prefix /><FldColor /><SubLabelStyle /><DisplayMask><![CDATA[#.####]]></DisplayMask></Field><Field FId="2" SRow="1" RSpan="1" SCol="2" CSpan="1" NoLabel="0" Size="1000" ROnly="0" Border="1" Visible="1" ShowUom="0" GroupSeq="0" Width="0" TabOrder="0" MinSize="0" MaxSize="0" FldPos="0" DAlign="0" UIType="0" AtrSeq="1008" IconPos="0" ScoreType="0" HierarchicalParentFieldId="0" DefaultHierarchicalState="0" DeltaType="0" DeltaPrecision="0" UseCustomDisplay="0" ColumnUse="0"><Name><![CDATA[devVariableValueTX]]></Name><Type><![CDATA[Text]]></Type><Label><![CDATA[Variable Value]]></Label><Required><![CDATA[N]]></Required><DDFieldName><![CDATA[devVariableValueTX]]></DDFieldName><DDFldSecName><![CDATA[General]]></DDFldSecName><LFont><![CDATA[Trebuchet]]></LFont><LColor><![CDATA[#000000]]></LColor><LSize><![CDATA[10]]></LSize><LWeight><![CDATA[Bold]]></LWeight><SubType /><Format /><LabStyle /><DataStyle><![CDATA[dataStyleClass1]]></DataStyle><Prefix /><FldColor /><SubLabelStyle /><DisplayMask><![CDATA[#.####]]></DisplayMask></Field></Fields></Section></Sections></Tab></Tabs><StateTransitions><StateTransition CloseScr="0" Display="1" ReadOnly="0" Seq="0" StateSeq="0" NStateSeq="0" TabId="0"><State><![CDATA[null]]></State><Action><![CDATA[triSave]]></Action><NState><![CDATA[triActive]]></NState><ActLabel><![CDATA[Save]]></ActLabel><AccessKey /></StateTransition><StateTransition CloseScr="1" Display="1" ReadOnly="0" Seq="1" StateSeq="0" NStateSeq="0" TabId="0"><State><![CDATA[null]]></State><Action><![CDATA[triSaveAndClose]]></Action><NState><![CDATA[triActive]]></NState><ActLabel><![CDATA[Save & Close]]></ActLabel><AccessKey /></StateTransition><StateTransition CloseScr="1" Display="1" ReadOnly="0" Seq="4" StateSeq="0" NStateSeq="0" TabId="0"><State><![CDATA[triActive]]></State><Action><![CDATA[triDelete]]></Action><NState><![CDATA[null]]></NState><ActLabel><![CDATA[Delete]]></ActLabel><AccessKey /></StateTransition><StateTransition CloseScr="0" Display="1" ReadOnly="0" Seq="2" StateSeq="0" NStateSeq="0" TabId="0"><State><![CDATA[triActive]]></State><Action><![CDATA[triSave]]></Action><NState><![CDATA[triActive]]></NState><ActLabel><![CDATA[Save]]></ActLabel><AccessKey /></StateTransition><StateTransition CloseScr="1" Display="1" ReadOnly="0" Seq="3" StateSeq="0" NStateSeq="0" TabId="0"><State><![CDATA[triActive]]></State><Action><![CDATA[triSaveAndClose]]></Action><NState><![CDATA[triActive]]></NState><ActLabel><![CDATA[Save & Close]]></ActLabel><AccessKey /></StateTransition></StateTransitions></GUI>
