<?xml version="1.0" encoding="UTF-8"?>
<GUI><GUIHeader AssocTab="1" Sched="0" Type="0" Audit="0" AuditAction="0" Approval="0" SingTab="0" WFTab="1" PrintTab="0" Default="1" ExcelCal="0"><Module><![CDATA[devETLJob]]></Module><BoName><![CDATA[devETLJob]]></BoName><Name><![CDATA[devETLJob]]></Name><Label><![CDATA[ETL Job]]></Label><Description /><WFName><![CDATA[devETLJob - Pre-Load - Update Execution Metrics]]></WFName><WFBO><![CDATA[devETLJob]]></WFBO><WFModlule><![CDATA[devETLJob]]></WFModlule></GUIHeader><Tabs><Tab TId="1" Seq="1" Visible="1" Custom="0"><TName><![CDATA[triGeneral]]></TName><TLabel><![CDATA[General]]></TLabel><THeader /><TComment /><TURL /><AccessKey /><TStyle /><Sections><Section SId="1" Type="0" Seq="0" SRow="1" SCol="1" RSpan="1" CSpan="12" Visible="1" ROnly="0" ShowEmbeddedLink="0" ParentSecId="-1" ShowHdr="1" BorderSize="0" Height="0" Input="0" ShowAdd="0" FinRep="0" SingleSelect="0" SelectAssociationTemp="0" RefreshTime="0" FixedColCnt="0" HierarchyFieldsSection="0" ComparisonSection="0" PrinterFriendlyLink="0" SmartQueryFormat="0" Orientation="0"><Name><![CDATA[triGeneral]]></Name><Label><![CDATA[General]]></Label><Association /><SelectAssociation /><DDSecName /><BGround /><TitleColor /><BorderColor /><SStyle /><ComparisonAssociation /><Fields><Field FId="1" SRow="1" RSpan="1" SCol="1" CSpan="1" NoLabel="0" Size="150" ROnly="0" Border="1" Visible="1" ShowUom="0" GroupSeq="0" Width="0" TabOrder="0" MinSize="0" MaxSize="0" FldPos="0" DAlign="0" UIType="0" AtrSeq="1003" IconPos="0" ScoreType="0" HierarchicalParentFieldId="0" DefaultHierarchicalState="0" DeltaType="0" DeltaPrecision="0" UseCustomDisplay="0" ColumnUse="0"><Name><![CDATA[triNameTX]]></Name><Type><![CDATA[Text]]></Type><Label><![CDATA[Name]]></Label><Required><![CDATA[N]]></Required><DDFieldName><![CDATA[triNameTX]]></DDFieldName><DDFldSecName><![CDATA[General]]></DDFldSecName><LFont><![CDATA[Trebuchet]]></LFont><LColor><![CDATA[#000000]]></LColor><LSize><![CDATA[10]]></LSize><LWeight><![CDATA[Bold]]></LWeight><SubType /><Format /><LabStyle /><DataStyle><![CDATA[dataStyleClass1]]></DataStyle><Prefix /><FldColor /><SubLabelStyle /><DisplayMask><![CDATA[#.####]]></DisplayMask></Field><Field FId="2" SRow="1" RSpan="1" SCol="2" CSpan="1" NoLabel="0" Size="-1" ROnly="1" Border="0" Visible="1" ShowUom="0" GroupSeq="0" Width="0" TabOrder="0" MinSize="0" MaxSize="0" FldPos="0" DAlign="0" UIType="-1" AtrSeq="1001" IconPos="0" ScoreType="0" HierarchicalParentFieldId="0" DefaultHierarchicalState="0" DeltaType="0" DeltaPrecision="0" UseCustomDisplay="0" ColumnUse="0"><Name><![CDATA[triIdTX]]></Name><Type><![CDATA[Text]]></Type><Label><![CDATA[ID]]></Label><Required><![CDATA[N]]></Required><DDFieldName><![CDATA[triIdTX]]></DDFieldName><DDFldSecName><![CDATA[General]]></DDFldSecName><LFont><![CDATA[Trebuchet]]></LFont><LColor><![CDATA[#000000]]></LColor><LSize><![CDATA[10]]></LSize><LWeight><![CDATA[bold]]></LWeight><SubType /><Format /><LabStyle /><DataStyle><![CDATA[dataStyleClass1]]></DataStyle><Prefix /><FldColor /><SubLabelStyle /><DisplayMask><![CDATA[#.####]]></DisplayMask></Field><Field FId="12" SRow="1" RSpan="1" SCol="3" CSpan="1" NoLabel="0" Size="-1" ROnly="1" Border="0" Visible="1" ShowUom="0" GroupSeq="0" Width="0" TabOrder="0" MinSize="0" MaxSize="0" FldPos="0" DAlign="0" UIType="-1" AtrSeq="1008" IconPos="0" ScoreType="0" HierarchicalParentFieldId="0" DefaultHierarchicalState="0" DeltaType="0" DeltaPrecision="0" UseCustomDisplay="0" ColumnUse="0"><Name><![CDATA[triStatusCL]]></Name><Type><![CDATA[Classification]]></Type><Label><![CDATA[Status]]></Label><Required><![CDATA[N]]></Required><DDFieldName><![CDATA[triStatusCL]]></DDFieldName><DDFldSecName><![CDATA[General]]></DDFldSecName><LFont><![CDATA[Trebuchet]]></LFont><LColor><![CDATA[#000000]]></LColor><LSize><![CDATA[10]]></LSize><LWeight><![CDATA[bold]]></LWeight><SubType /><Format /><LabStyle /><DataStyle><![CDATA[dataStyleClass1]]></DataStyle><Prefix /><FldColor /><SubLabelStyle /><DisplayMask><![CDATA[#.####]]></DisplayMask></Field><Field FId="3" SRow="5" RSpan="1" SCol="1" CSpan="2" NoLabel="0" Size="-1" ROnly="0" Border="1" Visible="1" ShowUom="0" GroupSeq="0" Width="0" TabOrder="0" MinSize="0" MaxSize="0" FldPos="0" DAlign="0" UIType="-1" AtrSeq="1009" IconPos="0" ScoreType="0" HierarchicalParentFieldId="0" DefaultHierarchicalState="0" DeltaType="0" DeltaPrecision="0" UseCustomDisplay="0" ColumnUse="0"><Name><![CDATA[devJobFileTX]]></Name><Type><![CDATA[Text]]></Type><Label><![CDATA[Job File]]></Label><Required><![CDATA[Y]]></Required><DDFieldName><![CDATA[devJobFileTX]]></DDFieldName><DDFldSecName><![CDATA[General]]></DDFldSecName><LFont><![CDATA[Trebuchet]]></LFont><LColor><![CDATA[#000000]]></LColor><LSize><![CDATA[10]]></LSize><LWeight><![CDATA[bold]]></LWeight><SubType /><Format /><LabStyle /><DataStyle><![CDATA[dataStyleClass1]]></DataStyle><Prefix /><FldColor /><SubLabelStyle /><DisplayMask><![CDATA[#.####]]></DisplayMask></Field><Field FId="4" SRow="10" RSpan="1" SCol="1" CSpan="2" NoLabel="0" Size="-1" ROnly="0" Border="1" Visible="1" ShowUom="0" GroupSeq="0" Width="0" TabOrder="0" MinSize="0" MaxSize="0" FldPos="0" DAlign="0" UIType="-1" AtrSeq="1010" IconPos="0" ScoreType="0" HierarchicalParentFieldId="0" DefaultHierarchicalState="0" DeltaType="0" DeltaPrecision="0" UseCustomDisplay="0" ColumnUse="0"><Name><![CDATA[devLogFileTX]]></Name><Type><![CDATA[Text]]></Type><Label><![CDATA[Log File]]></Label><Required><![CDATA[N]]></Required><DDFieldName><![CDATA[devLogFileTX]]></DDFieldName><DDFldSecName><![CDATA[General]]></DDFldSecName><LFont><![CDATA[Trebuchet]]></LFont><LColor><![CDATA[#000000]]></LColor><LSize><![CDATA[10]]></LSize><LWeight><![CDATA[bold]]></LWeight><SubType /><Format /><LabStyle /><DataStyle><![CDATA[dataStyleClass1]]></DataStyle><Prefix /><FldColor /><SubLabelStyle /><DisplayMask><![CDATA[#.####]]></DisplayMask></Field><Field FId="5" SRow="10" RSpan="1" SCol="3" CSpan="1" NoLabel="0" Size="-1" ROnly="0" Border="1" Visible="1" ShowUom="0" GroupSeq="0" Width="0" TabOrder="0" MinSize="0" MaxSize="0" FldPos="0" DAlign="0" UIType="1" AtrSeq="1011" IconPos="0" ScoreType="0" HierarchicalParentFieldId="0" DefaultHierarchicalState="0" DeltaType="0" DeltaPrecision="0" UseCustomDisplay="0" ColumnUse="0"><Name><![CDATA[devLogLevelLI]]></Name><Type><![CDATA[List]]></Type><Label><![CDATA[Log Level]]></Label><Required><![CDATA[N]]></Required><DDFieldName><![CDATA[devLogLevelLI]]></DDFieldName><DDFldSecName><![CDATA[General]]></DDFldSecName><LFont><![CDATA[Trebuchet]]></LFont><LColor><![CDATA[#000000]]></LColor><LSize><![CDATA[10]]></LSize><LWeight><![CDATA[bold]]></LWeight><SubType /><Format /><LabStyle /><DataStyle><![CDATA[dataStyleClass1]]></DataStyle><Prefix /><FldColor /><SubLabelStyle /><DisplayMask><![CDATA[#.####]]></DisplayMask></Field></Fields></Section><Section SId="4" Type="0" Seq="0" SRow="3" SCol="1" RSpan="1" CSpan="12" Visible="1" ROnly="0" ShowEmbeddedLink="0" ParentSecId="-1" ShowHdr="1" BorderSize="0" Height="0" Input="0" ShowAdd="0" FinRep="0" SingleSelect="0" SelectAssociationTemp="0" RefreshTime="0" FixedColCnt="0" HierarchyFieldsSection="0" ComparisonSection="0" PrinterFriendlyLink="0" SmartQueryFormat="0" Orientation="0"><Name><![CDATA[devDataConnect]]></Name><Label><![CDATA[DataConnect]]></Label><Association /><SelectAssociation /><DDSecName /><BGround /><TitleColor /><BorderColor /><SStyle /><ComparisonAssociation /><Fields><Field FId="10" SRow="1" RSpan="1" SCol="1" CSpan="1" NoLabel="0" Size="-1" ROnly="0" Border="1" Visible="1" ShowUom="0" GroupSeq="0" Width="0" TabOrder="0" MinSize="0" MaxSize="0" FldPos="0" DAlign="0" UIType="0" AtrSeq="1016" IconPos="0" ScoreType="0" HierarchicalParentFieldId="0" DefaultHierarchicalState="0" DeltaType="0" DeltaPrecision="0" UseCustomDisplay="0" ColumnUse="0"><Name><![CDATA[devDataConnectBL]]></Name><Type><![CDATA[Checkbox]]></Type><Label><![CDATA[Data Connect Job]]></Label><Required><![CDATA[N]]></Required><DDFieldName><![CDATA[devDataConnectBL]]></DDFieldName><DDFldSecName><![CDATA[General]]></DDFldSecName><LFont><![CDATA[Trebuchet]]></LFont><LColor><![CDATA[#000000]]></LColor><LSize><![CDATA[10]]></LSize><LWeight><![CDATA[Bold]]></LWeight><SubType /><Format /><LabStyle /><DataStyle><![CDATA[dataStyleClass1]]></DataStyle><Prefix /><FldColor /><SubLabelStyle /><DisplayMask><![CDATA[#.####]]></DisplayMask></Field><Field FId="11" SRow="1" RSpan="1" SCol="2" CSpan="1" NoLabel="0" Size="150" ROnly="0" Border="1" Visible="1" ShowUom="0" GroupSeq="0" Width="0" TabOrder="0" MinSize="0" MaxSize="0" FldPos="0" DAlign="0" UIType="0" AtrSeq="1017" IconPos="0" ScoreType="0" HierarchicalParentFieldId="0" DefaultHierarchicalState="0" DeltaType="0" DeltaPrecision="0" UseCustomDisplay="0" ColumnUse="0"><Name><![CDATA[devJobBONameTX]]></Name><Type><![CDATA[Text]]></Type><Label><![CDATA[DataConnect Job Object]]></Label><Required><![CDATA[N]]></Required><DDFieldName><![CDATA[devJobBONameTX]]></DDFieldName><DDFldSecName><![CDATA[General]]></DDFldSecName><LFont><![CDATA[Trebuchet]]></LFont><LColor><![CDATA[#000000]]></LColor><LSize><![CDATA[10]]></LSize><LWeight><![CDATA[Bold]]></LWeight><SubType /><Format /><LabStyle /><DataStyle><![CDATA[dataStyleClass1]]></DataStyle><Prefix /><FldColor /><SubLabelStyle /><DisplayMask><![CDATA[#.####]]></DisplayMask></Field></Fields></Section><Section SId="3" Type="0" Seq="0" SRow="5" SCol="1" RSpan="1" CSpan="12" Visible="0" ROnly="1" ShowEmbeddedLink="0" ParentSecId="-1" ShowHdr="1" BorderSize="0" Height="0" Input="0" ShowAdd="0" FinRep="0" SingleSelect="0" SelectAssociationTemp="0" RefreshTime="0" FixedColCnt="0" HierarchyFieldsSection="0" ComparisonSection="0" PrinterFriendlyLink="0" SmartQueryFormat="0" Orientation="0"><Name><![CDATA[devExecution]]></Name><Label><![CDATA[Execution Metrics]]></Label><Association /><SelectAssociation /><DDSecName /><BGround /><TitleColor /><BorderColor /><SStyle /><ComparisonAssociation /><Fields><Field FId="6" SRow="1" RSpan="1" SCol="1" CSpan="1" NoLabel="0" Size="-1" ROnly="1" Border="1" Visible="1" ShowUom="0" GroupSeq="0" Width="0" TabOrder="0" MinSize="0" MaxSize="0" FldPos="0" DAlign="0" UIType="0" AtrSeq="1013" IconPos="0" ScoreType="0" HierarchicalParentFieldId="0" DefaultHierarchicalState="0" DeltaType="0" DeltaPrecision="0" UseCustomDisplay="0" ColumnUse="0"><Name><![CDATA[devExecutionStartDT]]></Name><Type><![CDATA[Date and Time]]></Type><Label><![CDATA[Last Execution Start]]></Label><Required><![CDATA[N]]></Required><DDFieldName><![CDATA[devExecutionStartDT]]></DDFieldName><DDFldSecName><![CDATA[General]]></DDFldSecName><LFont><![CDATA[Trebuchet]]></LFont><LColor><![CDATA[#000000]]></LColor><LSize><![CDATA[10]]></LSize><LWeight><![CDATA[Bold]]></LWeight><SubType /><Format /><LabStyle /><DataStyle><![CDATA[dataStyleClass1]]></DataStyle><Prefix /><FldColor /><SubLabelStyle /><DisplayMask><![CDATA[#.####]]></DisplayMask></Field><Field FId="7" SRow="1" RSpan="1" SCol="2" CSpan="1" NoLabel="0" Size="-1" ROnly="1" Border="1" Visible="1" ShowUom="0" GroupSeq="0" Width="0" TabOrder="0" MinSize="0" MaxSize="0" FldPos="0" DAlign="0" UIType="0" AtrSeq="1014" IconPos="0" ScoreType="0" HierarchicalParentFieldId="0" DefaultHierarchicalState="0" DeltaType="0" DeltaPrecision="0" UseCustomDisplay="0" ColumnUse="0"><Name><![CDATA[devExecutionEndDT]]></Name><Type><![CDATA[Date and Time]]></Type><Label><![CDATA[Last Execution End]]></Label><Required><![CDATA[N]]></Required><DDFieldName><![CDATA[devExecutionEndDT]]></DDFieldName><DDFldSecName><![CDATA[General]]></DDFldSecName><LFont><![CDATA[Trebuchet]]></LFont><LColor><![CDATA[#000000]]></LColor><LSize><![CDATA[10]]></LSize><LWeight><![CDATA[Bold]]></LWeight><SubType /><Format /><LabStyle /><DataStyle><![CDATA[dataStyleClass1]]></DataStyle><Prefix /><FldColor /><SubLabelStyle /><DisplayMask><![CDATA[#.####]]></DisplayMask></Field><Field FId="8" SRow="5" RSpan="1" SCol="1" CSpan="1" NoLabel="0" Size="-1" ROnly="1" Border="1" Visible="1" ShowUom="0" GroupSeq="0" Width="0" TabOrder="0" MinSize="0" MaxSize="0" FldPos="0" DAlign="0" UIType="-1" AtrSeq="1012" IconPos="0" ScoreType="0" HierarchicalParentFieldId="0" DefaultHierarchicalState="0" DeltaType="0" DeltaPrecision="0" UseCustomDisplay="0" ColumnUse="0"><Name><![CDATA[devExecutionDurationDU]]></Name><Type><![CDATA[Duration]]></Type><Label><![CDATA[Last Execution Duration]]></Label><Required><![CDATA[N]]></Required><DDFieldName><![CDATA[devExecutionDurationDU]]></DDFieldName><DDFldSecName><![CDATA[General]]></DDFldSecName><LFont><![CDATA[Trebuchet]]></LFont><LColor><![CDATA[#000000]]></LColor><LSize><![CDATA[10]]></LSize><LWeight><![CDATA[bold]]></LWeight><SubType /><Format /><LabStyle /><DataStyle><![CDATA[dataStyleClass1]]></DataStyle><Prefix /><FldColor /><SubLabelStyle /><DisplayMask><![CDATA[#.####]]></DisplayMask></Field><Field FId="9" SRow="5" RSpan="1" SCol="2" CSpan="1" NoLabel="0" Size="-1" ROnly="1" Border="0" Visible="1" ShowUom="0" GroupSeq="0" Width="0" TabOrder="0" MinSize="0" MaxSize="0" FldPos="0" DAlign="0" UIType="-1" AtrSeq="1015" IconPos="0" ScoreType="0" HierarchicalParentFieldId="0" DefaultHierarchicalState="0" DeltaType="0" DeltaPrecision="0" UseCustomDisplay="0" ColumnUse="0"><Name><![CDATA[devExecutionStatusTX]]></Name><Type><![CDATA[Text]]></Type><Label><![CDATA[Last Execution Status]]></Label><Required><![CDATA[N]]></Required><DDFieldName><![CDATA[devExecutionStatusTX]]></DDFieldName><DDFldSecName><![CDATA[General]]></DDFldSecName><LFont><![CDATA[Trebuchet]]></LFont><LColor><![CDATA[#000000]]></LColor><LSize><![CDATA[10]]></LSize><LWeight><![CDATA[bold]]></LWeight><SubType /><Format /><LabStyle /><DataStyle><![CDATA[dataStyleClass1]]></DataStyle><Prefix /><FldColor /><SubLabelStyle /><DisplayMask><![CDATA[#.####]]></DisplayMask></Field></Fields></Section><Section SId="2" Type="7" Seq="0" SRow="10" SCol="1" RSpan="1" CSpan="6" Visible="1" ROnly="0" ShowEmbeddedLink="0" ParentSecId="-1" ShowHdr="1" BorderSize="0" Height="0" Input="0" ShowAdd="1" FinRep="1" SingleSelect="0" SelectAssociationTemp="0" RefreshTime="0" FixedColCnt="0" HierarchyFieldsSection="0" ComparisonSection="0" PrinterFriendlyLink="0" SmartQueryFormat="0" Orientation="0"><Name><![CDATA[devJobVariables]]></Name><Label><![CDATA[Job Variables]]></Label><Association><![CDATA[Has Item]]></Association><SelectAssociation><![CDATA[sectionCustomAction]]></SelectAssociation><DDSecName /><BGround /><TitleColor /><BorderColor /><SStyle /><ComparisonAssociation /><SecSrcName><![CDATA[devJobVariable - Item For Current Job]]></SecSrcName><SecSrcBOName><![CDATA[devJobVariable]]></SecSrcBOName><SecSrcModName><![CDATA[devETLJob]]></SecSrcModName><CActions><CAction Seq="1" SeqId="1" ActTypeId="1" ActType="1" Visible="0" Active="0" SingleSelect="0" PermAssoc="0" SaveOnPopup="0"><ActLabel><![CDATA[Find]]></ActLabel><TempAssociation /><AccessKey /><PopupName><![CDATA[/html/en/default/common/breakOutWithHeaders.jsp?winName=/WebProcess.srv?objectId=840000&actionId=750812]]></PopupName></CAction><CAction Seq="2" SeqId="2" ActTypeId="1" ActType="0" Visible="1" Active="1" SingleSelect="0" PermAssoc="0" SaveOnPopup="0"><ActLabel><![CDATA[Delete]]></ActLabel><TempAssociation /><AccessKey /><PopupName><![CDATA[javascript:postHiddenForm('750000','750230','-1','-1', 0,'2')]]></PopupName></CAction></CActions></Section><Section SId="5" Type="7" Seq="0" SRow="10" SCol="7" RSpan="1" CSpan="6" Visible="1" ROnly="0" ShowEmbeddedLink="0" ParentSecId="-1" ShowHdr="1" BorderSize="0" Height="0" Input="0" ShowAdd="1" FinRep="1" SingleSelect="0" SelectAssociationTemp="0" RefreshTime="0" FixedColCnt="0" HierarchyFieldsSection="0" ComparisonSection="0" PrinterFriendlyLink="0" SmartQueryFormat="0" Orientation="0"><Name><![CDATA[devJobSchedule]]></Name><Label><![CDATA[Job Schedule]]></Label><Association><![CDATA[Scheduled]]></Association><SelectAssociation><![CDATA[sectionCustomAction]]></SelectAssociation><DDSecName /><BGround /><TitleColor /><BorderColor /><SStyle /><ComparisonAssociation /><WFName><![CDATA[devETLJob - Synchronous - Activate Schedules]]></WFName><WFBOName><![CDATA[devETLJob]]></WFBOName><WFModuleName><![CDATA[devETLJob]]></WFModuleName><SecSrcName><![CDATA[Event - devETLJob - Events For Schedule]]></SecSrcName><SecSrcBOName><![CDATA[Event]]></SecSrcBOName><SecSrcModName><![CDATA[Mail]]></SecSrcModName><CActions><CAction Seq="2" SeqId="2" ActTypeId="1" ActType="0" Visible="1" Active="1" SingleSelect="0" PermAssoc="0" SaveOnPopup="0"><ActLabel><![CDATA[Delete]]></ActLabel><TempAssociation /><AccessKey /><PopupName><![CDATA[javascript:postHiddenForm('750000','750230','-1','-1', 0,'5')]]></PopupName></CAction><CAction Seq="3" SeqId="1" ActTypeId="1" ActType="1" Visible="0" Active="0" SingleSelect="0" PermAssoc="0" SaveOnPopup="0"><ActLabel><![CDATA[Find]]></ActLabel><TempAssociation /><AccessKey /><PopupName><![CDATA[/html/en/default/common/breakOutWithHeaders.jsp?winName=/WebProcess.srv?objectId=840000&actionId=750812]]></PopupName></CAction></CActions></Section></Sections></Tab></Tabs><StateTransitions><StateTransition CloseScr="1" Display="1" ReadOnly="0" Seq="0" StateSeq="1" NStateSeq="2" TabId="-1"><State><![CDATA[null]]></State><Action><![CDATA[triActivate]]></Action><NState><![CDATA[triActive]]></NState><ActLabel><![CDATA[Activate]]></ActLabel><AccessKey /></StateTransition><StateTransition CloseScr="0" Display="1" ReadOnly="0" Seq="1" StateSeq="1" NStateSeq="3" TabId="-1"><State><![CDATA[null]]></State><Action><![CDATA[triCreateDraft]]></Action><NState><![CDATA[triDraft]]></NState><ActLabel><![CDATA[Create Draft]]></ActLabel><AccessKey /></StateTransition><StateTransition CloseScr="1" Display="1" ReadOnly="1" Seq="2" StateSeq="2" NStateSeq="2" TabId="-1"><State><![CDATA[triActive]]></State><Action><![CDATA[devExecute]]></Action><NState><![CDATA[triActive]]></NState><ActLabel><![CDATA[Execute]]></ActLabel><AccessKey /></StateTransition><StateTransition CloseScr="1" Display="1" ReadOnly="1" Seq="3" StateSeq="2" NStateSeq="4" TabId="-1"><State><![CDATA[triActive]]></State><Action><![CDATA[triRetire]]></Action><NState><![CDATA[triRetired]]></NState><ActLabel><![CDATA[Retire]]></ActLabel><AccessKey /></StateTransition><StateTransition CloseScr="0" Display="1" ReadOnly="1" Seq="4" StateSeq="2" NStateSeq="3" TabId="-1"><State><![CDATA[triActive]]></State><Action><![CDATA[triRevise]]></Action><NState><![CDATA[triDraft]]></NState><ActLabel><![CDATA[Revise]]></ActLabel><AccessKey /></StateTransition><StateTransition CloseScr="0" Display="1" ReadOnly="0" Seq="5" StateSeq="3" NStateSeq="2" TabId="-1"><State><![CDATA[triDraft]]></State><Action><![CDATA[triActivate]]></Action><NState><![CDATA[triActive]]></NState><ActLabel><![CDATA[Activate]]></ActLabel><AccessKey /></StateTransition><StateTransition CloseScr="1" Display="1" ReadOnly="0" Seq="6" StateSeq="3" NStateSeq="4" TabId="-1"><State><![CDATA[triDraft]]></State><Action><![CDATA[triRetire]]></Action><NState><![CDATA[triRetired]]></NState><ActLabel><![CDATA[Retire]]></ActLabel><AccessKey /></StateTransition><StateTransition CloseScr="0" Display="1" ReadOnly="0" Seq="7" StateSeq="3" NStateSeq="3" TabId="-1"><State><![CDATA[triDraft]]></State><Action><![CDATA[triSave]]></Action><NState><![CDATA[triDraft]]></NState><ActLabel><![CDATA[Save]]></ActLabel><AccessKey /></StateTransition><StateTransition CloseScr="1" Display="1" ReadOnly="0" Seq="8" StateSeq="3" NStateSeq="3" TabId="-1"><State><![CDATA[triDraft]]></State><Action><![CDATA[triSaveAndClose]]></Action><NState><![CDATA[triDraft]]></NState><ActLabel><![CDATA[Save & Close]]></ActLabel><AccessKey /></StateTransition><StateTransition CloseScr="1" Display="1" ReadOnly="1" Seq="9" StateSeq="4" NStateSeq="1" TabId="-1"><State><![CDATA[triRetired]]></State><Action><![CDATA[triDelete]]></Action><NState><![CDATA[null]]></NState><ActLabel><![CDATA[Delete]]></ActLabel><AccessKey /></StateTransition><StateTransition CloseScr="0" Display="1" ReadOnly="1" Seq="10" StateSeq="4" NStateSeq="3" TabId="-1"><State><![CDATA[triRetired]]></State><Action><![CDATA[triRevise]]></Action><NState><![CDATA[triDraft]]></NState><ActLabel><![CDATA[Revise]]></ActLabel><AccessKey /></StateTransition></StateTransitions></GUI>
