<?xml version="1.0" encoding="UTF-8"?>
<List SysFlag="0" SrcType="0" DepenFlg="0"><Name><![CDATA[devLogLevel]]></Name><Desc><![CDATA[ETL Job execution log levels]]></Desc><Label><![CDATA[Log Level]]></Label><Prod><![CDATA[devETLJob]]></Prod><Type /><SrcClassName /><SrcObjectName /><ParClassName /><ParListName /><ListValues><ListValue Deletable="true" SeqNo="0"><ListValueName><![CDATA[Nothing]]></ListValueName><ParClassName /><ParListName /><ParListValName /></ListValue><ListValue Deletable="true" SeqNo="1"><ListValueName><![CDATA[Error]]></ListValueName><ParClassName /><ParListName /><ParListValName /></ListValue><ListValue Deletable="true" SeqNo="2"><ListValueName><![CDATA[Minimal]]></ListValueName><ParClassName /><ParListName /><ParListValName /></ListValue><ListValue Deletable="true" SeqNo="3"><ListValueName><![CDATA[Basic]]></ListValueName><ParClassName /><ParListName /><ParListValName /></ListValue><ListValue Deletable="true" SeqNo="4"><ListValueName><![CDATA[Detailed]]></ListValueName><ParClassName /><ParListName /><ParListValName /></ListValue><ListValue Deletable="true" SeqNo="5"><ListValueName><![CDATA[Debug]]></ListValueName><ParClassName /><ParListName /><ParListValName /></ListValue><ListValue Deletable="true" SeqNo="6"><ListValueName><![CDATA[Rowlevel]]></ListValueName><ParClassName /><ParListName /><ParListValName /></ListValue></ListValues></List>
