<?xml version="1.0" encoding="UTF-8"?>
<Manager><Header ByReport="0" ShowName="0" ShowCtrl="0" ShowCrtDate="0" ShowUpdDate="0" ShowImg="0" SysFlag="0" ByPortal="0" ShowMetricName="0" ShowResults="0" ShowStatus="0" ShowTarget="0"><Name><![CDATA[devETLJob]]></Name><Label><![CDATA[ETL Job]]></Label><MngDefault /><DefGUI><![CDATA[devETLJob]]></DefGUI><DefGUIModule><![CDATA[devETLJob]]></DefGUIModule></Header><NavigatorGroups><NavigatorGroup Seq="1"><NavigatorGroupId><![CDATA[1]]></NavigatorGroupId><NavigatorGroupLabel><![CDATA[ETL Job]]></NavigatorGroupLabel><GUIs><GUI Seq="1"><GUIName><![CDATA[devETLJob]]></GUIName><GUILabel><![CDATA[ETL Job]]></GUILabel><GUIModule><![CDATA[devETLJob]]></GUIModule><QueryName><![CDATA[devETLJob - All ETL Jobs]]></QueryName><QueryBo><![CDATA[devETLJob]]></QueryBo><QueryModule><![CDATA[devETLJob]]></QueryModule><CActions><CAction Seq="0" ActType="1" PopupFlag="1"><ActName><![CDATA[System Add]]></ActName><ActLabel><![CDATA[Add]]></ActLabel><PermAssoc /></CAction><CAction Seq="0" ActType="2" PopupFlag="1"><ActName><![CDATA[System Edit]]></ActName><ActLabel><![CDATA[Edit]]></ActLabel><PermAssoc /></CAction><CAction Seq="0" ActType="3" PopupFlag="0"><ActName><![CDATA[System Delete]]></ActName><ActLabel><![CDATA[Delete]]></ActLabel><PermAssoc /></CAction></CActions></GUI></GUIs></NavigatorGroup></NavigatorGroups></Manager>
