<?xml version="1.0" encoding="UTF-8"?>
<Query><Header Scope="0" Type="0" RandomCnt="0" FixedColCnt="0" DScope="0" Editable="0" GraphType="-1" DisplayLegend="0"><Name><![CDATA[Event - devETLJob - Events For Schedule]]></Name><Module><![CDATA[Mail]]></Module><BO><![CDATA[Event]]></BO><Number /><Description /><HeaderStr><![CDATA[Job Schedule]]></HeaderStr><PromptBeforeQuery><![CDATA[0]]></PromptBeforeQuery><XTitle /><YTitle /><AssocString><![CDATA[About]]></AssocString><RecState /><TabularOutput><![CDATA[0]]></TabularOutput><AssociatedField /><ScorecardTargetOption><![CDATA[0]]></ScorecardTargetOption></Header><Bos><BO><Name><![CDATA[Event]]></Name><Module><![CDATA[Mail]]></Module></BO></Bos><GUIs><GUI><Name><![CDATA[Event]]></Name><Module><![CDATA[Mail]]></Module></GUI></GUIs><Columns><Column Type="1" DType="320" FiltType="0" Seq="0"><SecName><![CDATA[Event Info]]></SecName><SecondarySecName /><FldLabel><![CDATA[Event ID]]></FldLabel><FldName><![CDATA[EventRefID]]></FldName><FiltVAl /><defaultFlag><![CDATA[0]]></defaultFlag></Column><Column Type="1" DType="320" FiltType="0" Seq="1"><SecName><![CDATA[Event Info]]></SecName><SecondarySecName /><FldLabel><![CDATA[Description]]></FldLabel><FldName><![CDATA[Subject]]></FldName><FiltVAl /><defaultFlag><![CDATA[0]]></defaultFlag></Column></Columns><AssocFilters><AssocFilter RevAssocFlag="1" AssocFlag="0" FiltType="0" Seq="1"><AssocString><![CDATA[Scheduled]]></AssocString><Module><![CDATA[devETLJob]]></Module><BO><![CDATA[devETLJob]]></BO><FilterData><![CDATA[$$RECORDID$$]]></FilterData></AssocFilter></AssocFilters></Query>
