<?xml version="1.0" encoding="UTF-8"?>
<Query><Header Scope="0" Type="0" RandomCnt="0" FixedColCnt="0" DScope="2" Editable="0" GraphType="-1" DisplayLegend="0"><Name><![CDATA[devJobVariable - Item For Current Job]]></Name><Module><![CDATA[devETLJob]]></Module><BO><![CDATA[devJobVariable]]></BO><Number /><Description><![CDATA[Section query to display job variables associated to the current ETL job.]]></Description><HeaderStr><![CDATA[Job Variables]]></HeaderStr><PromptBeforeQuery><![CDATA[0]]></PromptBeforeQuery><XTitle /><YTitle /><AssocString><![CDATA[About]]></AssocString><RecState /><TabularOutput><![CDATA[0]]></TabularOutput><AssociatedField /><ScorecardTargetOption><![CDATA[0]]></ScorecardTargetOption></Header><Bos><BO><Name><![CDATA[devJobVariable]]></Name><Module><![CDATA[devETLJob]]></Module></BO></Bos><Columns><Column Type="1" DType="320" FiltType="0" Seq="0"><SecName><![CDATA[General]]></SecName><SecondarySecName /><FldLabel><![CDATA[Variable Name]]></FldLabel><FldName><![CDATA[devVariableNameTX]]></FldName><FiltVAl /><defaultFlag><![CDATA[0]]></defaultFlag></Column><Column Type="1" DType="320" FiltType="0" Seq="1"><SecName><![CDATA[General]]></SecName><SecondarySecName /><FldLabel><![CDATA[Variable Value]]></FldLabel><FldName><![CDATA[devVariableValueTX]]></FldName><FiltVAl /><defaultFlag><![CDATA[0]]></defaultFlag></Column><Column Type="3" DType="320" FiltType="0" Seq="0"><SecName><![CDATA[General]]></SecName><SecondarySecName /><FldLabel><![CDATA[Variable Name]]></FldLabel><FldName><![CDATA[devVariableNameTX]]></FldName><FiltVAl /><defaultFlag><![CDATA[0]]></defaultFlag></Column></Columns><AssocFilters><AssocFilter RevAssocFlag="0" AssocFlag="0" FiltType="0" Seq="1"><AssocString><![CDATA[Has Item]]></AssocString><Module><![CDATA[devETLJob]]></Module><BO><![CDATA[devETLJob]]></BO><FilterData><![CDATA[$$RECORDID$$]]></FilterData></AssocFilter></AssocFilters></Query>
