<?xml version="1.0" encoding="UTF-8"?>
<BoRecords>     <BoRecord BoId="10023041" RecordId="-1" BoName="ResourceFile" GUIId="10032941" GUIName="ResourceFile" ModuleId="18" ModuleName="System" CompanyId="208133" ParentName="" ActionName="" ObjState="created" SourceId="11047913">
<BoSectionName NameValue="General">
                     <OrgName>
                         
                     </OrgName>
                     <DescriptionTX>
                         Jarfile containing ETL custom workflow task.
                     </DescriptionTX>
                     <ResourceFileBI>
                         121365_etl-job.jar
                     </ResourceFileBI>
                     <GeographyName>
                         
                     </GeographyName>
                     <LocationName>
                         
                     </LocationName>
                     <NameTX>
                         etl-job.jar
                     </NameTX>
         </BoSectionName>
<BoSectionName NameValue="System Info">
                     <ModifiedBy>
                         
                     </ModifiedBy>
                     <ModifiedTime>
                         1296642407060
                     </ModifiedTime>
                     <Parent>
                         
                     </Parent>
                     <CreatedBy>
                         221931
                     </CreatedBy>
                     <Prior___State>
                         created
                     </Prior___State>
                     <OrganizationId>
                         
                     </OrganizationId>
                     <CreatedTime>
                         1296642356970
                     </CreatedTime>
                     <Type>
                         10023041
                     </Type>
                     <GeographyId>
                         
                     </GeographyId>
                     <Review___Status>
                         
                     </Review___Status>
                     <LocationId>
                         
                     </LocationId>
         </BoSectionName>
     </BoRecord>
</BoRecords>
