<?xml version="1.0" encoding="UTF-8"?>
<BoRecords>     <BoRecord BoId="10014542" RecordId="-1" BoName="devETLJob" GUIId="10021542" GUIName="devETLJob" ModuleId="23323" ModuleName="devETLJob" CompanyId="208133" ParentName="" ActionName="" ObjState="triActive" SourceId="3219256">
         <System___Info>
                     <OrganizationId>
                         
                     </OrganizationId>
                     <GeographyId>
                         
                     </GeographyId>
                     <LocationId>
                         
                     </LocationId>
                     <Review___Status>
                         
                     </Review___Status>
                     <Prior___State>
                         triDraft
                     </Prior___State>
                     <Type>
                         10014542
                     </Type>
                     <Parent>
                         
                     </Parent>
                     <CreatedTime>
                         1254148380758
                     </CreatedTime>
                     <ModifiedTime>
                         1254236366620
                     </ModifiedTime>
                     <CreatedBy>
                         221931
                     </CreatedBy>
                     <ModifiedBy>
                         
                     </ModifiedBy>
         </System___Info>
         <General>
                     <devExecutionEndDT>
                         2009/9/29 7:14:00 AM
                     </devExecutionEndDT>
                     <devExecutionStatusTX>
                         Completed Successfully
                     </devExecutionStatusTX>
                     <devDataConnectBL>
                         TRUE
                     </devDataConnectBL>
                     <devJobBONameTX>
                         devExampleJob
                     </devJobBONameTX>
                     <LocationName>
                         
                     </LocationName>
                     <triStatusCL>
                         \Classifications\Status\Active
                     </triStatusCL>
                     <OrgName>
                         
                     </OrgName>
                     <devJobFileTX>
                         c:\example\integration-example.ktr
                     </devJobFileTX>
                     <devLogFileTX>
                         c:\example\integration-log.txt
                     </devLogFileTX>
                     <devLogLevelLI>
                         Rowlevel
                     </devLogLevelLI>
                     <devExecutionDurationDU>
                         9078
                     </devExecutionDurationDU>
                     <devExecutionStartDT>
                         2009/9/29 7:13:51 AM
                     </devExecutionStartDT>
                     <triIdTX>
                         JOB-Example
                     </triIdTX>
                     <triNameTX>
                         Example DataConnect Job
                     </triNameTX>
                     <triControlNumberCN>
                         JOB-1000001
                     </triControlNumberCN>
                     <triRecordIdSY>
                         3219256
                     </triRecordIdSY>
                     <triRecordNameSY>
                         JOB-Example
                     </triRecordNameSY>
                     <triRecordStateSY>
                         triActive
                     </triRecordStateSY>
                     <GeographyName>
                         
                     </GeographyName>
                     <triCreatedSY>
                         2009/9/28 7:33:00 AM
                     </triCreatedSY>
         </General>
     </BoRecord>
</BoRecords>
