<?xml version="1.0" encoding="UTF-8"?>
<BoRecords>     <BoRecord BoId="10024442" RecordId="-1" BoName="devETLJob" GUIId="10034443" GUIName="devETLJob" ModuleId="23523" ModuleName="devETLJob" CompanyId="208133" ParentName="" ActionName="" ObjState="triActive" SourceId="11047909">
<BoSectionName NameValue="General">
                     <OrgName>
                         
                     </OrgName>
                     <devExecutionEndDT>
                         2009/9/29 4:14:00 AM
                     </devExecutionEndDT>
                     <devJobFileTX>
                         c:\example\integration-example.ktr
                     </devJobFileTX>
                     <triRecordNameSY>
                         JOB-Example
                     </triRecordNameSY>
                     <devLogFileTX>
                         c:\example\integration-log.txt
                     </devLogFileTX>
                     <triStatusCL>
                         \Classifications\Status\Active
                     </triStatusCL>
                     <triNameTX>
                         Example DataConnect Job
                     </triNameTX>
                     <GeographyName>
                         
                     </GeographyName>
                     <devExecutionStatusTX>
                         Completed Successfully
                     </devExecutionStatusTX>
                     <devLogLevelLI>
                         Rowlevel
                     </devLogLevelLI>
                     <triRecordStateSY>
                         triActive
                     </triRecordStateSY>
                     <triControlNumberCN>
                         JOB-1000001
                     </triControlNumberCN>
                     <devDataConnectBL>
                         TRUE
                     </devDataConnectBL>
                     <triCreatedSY>
                         2011/2/02 2:12:53 AM
                     </triCreatedSY>
                     <devJobBONameTX>
                         devExampleJob
                     </devJobBONameTX>
                     <devExecutionDurationDU>
                         9000
                     </devExecutionDurationDU>
                     <devExecutionStartDT>
                         2009/9/29 4:13:51 AM
                     </devExecutionStartDT>
                     <LocationName>
                         
                     </LocationName>
                     <triIdTX>
                         JOB-Example
                     </triIdTX>
                     <triRecordIdSY>
                         11047909
                     </triRecordIdSY>
         </BoSectionName>
<BoSectionName NameValue="System Info">
                     <ModifiedBy>
                         
                     </ModifiedBy>
                     <ModifiedTime>
                         1296641614550
                     </ModifiedTime>
                     <Parent>
                         
                     </Parent>
                     <Prior___State>
                         triActive
                     </Prior___State>
                     <CreatedBy>
                         221931
                     </CreatedBy>
                     <OrganizationId>
                         
                     </OrganizationId>
                     <CreatedTime>
                         1296641573200
                     </CreatedTime>
                     <Type>
                         10024442
                     </Type>
                     <GeographyId>
                         
                     </GeographyId>
                     <Review___Status>
                         
                     </Review___Status>
                     <LocationId>
                         
                     </LocationId>
         </BoSectionName>
     </BoRecord>
</BoRecords>
