<?xml version="1.0" encoding="UTF-8"?>
<BoRecords>     <BoRecord BoId="10023042" RecordId="-1" BoName="ClassLoader" GUIId="10032942" GUIName="ClassLoader" ModuleId="18" ModuleName="System" CompanyId="208133" ParentName="" ActionName="" ObjState="created" SourceId="11047912">
<BoSectionName NameValue="General">
                     <OrgName>
                         
                     </OrgName>
                     <DevModeBL>
                         FALSE
                     </DevModeBL>
                     <DescriptionTX>
                         ClassLoader to support Kettle ETL Jobs
                     </DescriptionTX>
                     <NameTX>
                         ETLClassLoader
                     </NameTX>
                     <RevisionNU>
                         2
                     </RevisionNU>
                     <RevisionNU_UOM>
                         
                     </RevisionNU_UOM>
                     <LastLoadedDT>
                         
                     </LastLoadedDT>
                     <GeographyName>
                         
                     </GeographyName>
                     <LocationName>
                         
                     </LocationName>
                     <ClassLoaderTypeLI>
                         Parent First
                     </ClassLoaderTypeLI>
                     <LoadedAllResourcesBL>
                         FALSE
                     </LoadedAllResourcesBL>
                     <RecordIdSY>
                         11047912
                     </RecordIdSY>
         </BoSectionName>
<BoSectionName NameValue="System Info">
                     <ModifiedBy>
                         
                     </ModifiedBy>
                     <ModifiedTime>
                         1296642424830
                     </ModifiedTime>
                     <Parent>
                         
                     </Parent>
                     <Prior___State>
                         created
                     </Prior___State>
                     <CreatedBy>
                         221931
                     </CreatedBy>
                     <OrganizationId>
                         
                     </OrganizationId>
                     <CreatedTime>
                         1296642294407
                     </CreatedTime>
                     <GeographyId>
                         
                     </GeographyId>
                     <Type>
                         10023042
                     </Type>
                     <Review___Status>
                         
                     </Review___Status>
                     <LocationId>
                         
                     </LocationId>
         </BoSectionName>
     </BoRecord>
</BoRecords>
