<?xml version="1.0" encoding="UTF-8"?>
<Workflow><Header Type="0" WfStatus="10" IgnoreModuleLevel="0" InstanceData="1" LockRecord="0" Modifier="0"><Name><![CDATA[devETLJob - Pre-Load - Update Execution Metrics]]></Name><Module><![CDATA[devETLJob]]></Module><BO><![CDATA[devETLJob]]></BO><EventName><![CDATA[Pre-Create]]></EventName><Description><![CDATA[Update visibility of execution metric fields based on field values.]]></Description><AssociationName /><AssociatedBO /><AssociatedModule><![CDATA[devETLJob]]></AssociatedModule></Header><Tasks><Task Id="0" Type="1" FilterOperator="10" RecurrenceId="0" MapId="188746" SRCTaskId="-1" TRGTTaskId="-1" AssigneeTaskId="0" SortCount="1" UseMap="1" LockUser="0" AssignToFlag="1" EstEndInDays="0" EstEndInHrs="0" EstEndInMins="0" DateContext="0" ServiceContext="1"><TaskLabel><![CDATA[Start]]></TaskLabel><EventName><![CDATA[Pre-Create]]></EventName><Description /><DeleteSection /><SumSection /><SumField /><FilterSection /><FilterField /><FilterValue /><ServiceAssociation /><TargetAssociation /><TransactionType><![CDATA[0]]></TransactionType><Status><![CDATA[0]]></Status><ParametersMapId><![CDATA[-1]]></ParametersMapId><FormulaRecalc><![CDATA[0]]></FormulaRecalc><Module><![CDATA[devETLJob]]></Module><BO><![CDATA[devETLJob]]></BO><AssociatedModule><![CDATA[devETLJob]]></AssociatedModule><AssociatedBO /><AssignToUserMod><![CDATA[triPeople]]></AssignToUserMod><AssignToUserBO><![CDATA[My Profile]]></AssignToUserBO><AssignToUser><![CDATA[\System, System -]]></AssignToUser><TaskRefs /><Condition><Expression><![CDATA[ ]]></Expression></Condition></Task><Task Id="206030" Type="9" FilterOperator="10" RecurrenceId="0" MapId="-1" SRCTaskId="-1" TRGTTaskId="-1" AssigneeTaskId="0" SortCount="1" UseMap="1" LockUser="0" AssignToFlag="1" EstEndInDays="0" EstEndInHrs="0" EstEndInMins="0" DateContext="0" ServiceContext="1"><TaskLabel /><EventName /><Description /><DeleteSection /><SumSection /><SumField /><FilterSection /><FilterField /><FilterValue /><ServiceAssociation /><TargetAssociation /><TransactionType><![CDATA[0]]></TransactionType><Status><![CDATA[0]]></Status><ParametersMapId><![CDATA[-1]]></ParametersMapId><FormulaRecalc><![CDATA[0]]></FormulaRecalc><Module /><BO /><AssignToUserMod /><AssignToUserBO /><AssignToUser /><TaskRefs /></Task><Task Id="206130" Type="14" FilterOperator="10" RecurrenceId="0" MapId="188747" SRCTaskId="-1" TRGTTaskId="206131" AssigneeTaskId="0" SortCount="1" UseMap="1" LockUser="0" AssignToFlag="1" EstEndInDays="0" EstEndInHrs="0" EstEndInMins="0" DateContext="0" ServiceContext="1"><TaskLabel /><EventName><![CDATA[0=true;1=false;]]></EventName><Description /><DeleteSection /><SumSection /><SumField /><FilterSection /><FilterField /><FilterValue /><ServiceAssociation /><TargetAssociation><![CDATA[206131;206134;]]></TargetAssociation><TransactionType><![CDATA[0]]></TransactionType><Status><![CDATA[0]]></Status><ParametersMapId><![CDATA[-1]]></ParametersMapId><FormulaRecalc><![CDATA[0]]></FormulaRecalc><Module /><BO /><AssignToUserMod /><AssignToUserBO /><AssignToUser /><TaskRefs /><Condition><Expression><![CDATA[p0 != "" ]]></Expression><Params><Param PId="0"><PType><![CDATA[field]]></PType><PDataId><![CDATA[0]]></PDataId><PField><![CDATA[devExecutionStatusTX]]></PField><PSection><![CDATA[General]]></PSection><PModule><![CDATA[devETLJob]]></PModule><PBO><![CDATA[devETLJob]]></PBO></Param></Params></Condition></Task><Task Id="206131" Type="12" FilterOperator="10" RecurrenceId="0" MapId="-1" SRCTaskId="-1" TRGTTaskId="-1" AssigneeTaskId="0" SortCount="1" UseMap="1" LockUser="0" AssignToFlag="1" EstEndInDays="0" EstEndInHrs="0" EstEndInMins="0" DateContext="0" ServiceContext="1"><TaskLabel /><EventName /><Description /><DeleteSection /><SumSection /><SumField /><FilterSection /><FilterField /><FilterValue /><ServiceAssociation /><TargetAssociation /><TransactionType><![CDATA[0]]></TransactionType><Status><![CDATA[0]]></Status><ParametersMapId><![CDATA[-1]]></ParametersMapId><FormulaRecalc><![CDATA[0]]></FormulaRecalc><Module /><BO /><AssignToUserMod /><AssignToUserBO /><AssignToUser /><TaskRefs /></Task><Task Id="206135" Type="9" FilterOperator="10" RecurrenceId="0" MapId="-1" SRCTaskId="-1" TRGTTaskId="-1" AssigneeTaskId="0" SortCount="1" UseMap="1" LockUser="0" AssignToFlag="1" EstEndInDays="0" EstEndInHrs="0" EstEndInMins="0" DateContext="0" ServiceContext="1"><TaskLabel /><EventName /><Description /><DeleteSection /><SumSection /><SumField /><FilterSection /><FilterField /><FilterValue /><ServiceAssociation /><TargetAssociation /><TransactionType><![CDATA[0]]></TransactionType><Status><![CDATA[0]]></Status><ParametersMapId><![CDATA[-1]]></ParametersMapId><FormulaRecalc><![CDATA[0]]></FormulaRecalc><Module /><BO /><AssignToUserMod /><AssignToUserBO /><AssignToUser /><TaskRefs /></Task><Task Id="206136" Type="14" FilterOperator="10" RecurrenceId="0" MapId="188748" SRCTaskId="-1" TRGTTaskId="206137" AssigneeTaskId="0" SortCount="1" UseMap="1" LockUser="0" AssignToFlag="1" EstEndInDays="0" EstEndInHrs="0" EstEndInMins="0" DateContext="0" ServiceContext="1"><TaskLabel /><EventName><![CDATA[0=true;1=false;]]></EventName><Description /><DeleteSection /><SumSection /><SumField /><FilterSection /><FilterField /><FilterValue /><ServiceAssociation /><TargetAssociation><![CDATA[206140;206141;]]></TargetAssociation><TransactionType><![CDATA[0]]></TransactionType><Status><![CDATA[0]]></Status><ParametersMapId><![CDATA[-1]]></ParametersMapId><FormulaRecalc><![CDATA[0]]></FormulaRecalc><Module /><BO /><AssignToUserMod /><AssignToUserBO /><AssignToUser /><TaskRefs /><Condition><Expression><![CDATA[toupper (p0 ) == "RUNNING" ]]></Expression><Params><Param PId="0"><PType><![CDATA[field]]></PType><PDataId><![CDATA[0]]></PDataId><PField><![CDATA[devExecutionStatusTX]]></PField><PSection><![CDATA[General]]></PSection><PModule><![CDATA[devETLJob]]></PModule><PBO><![CDATA[devETLJob]]></PBO></Param></Params></Condition></Task><Task Id="206134" Type="23" FilterOperator="10" RecurrenceId="0" MapId="-1" SRCTaskId="-1" TRGTTaskId="-1" AssigneeTaskId="0" SortCount="1" UseMap="0" LockUser="0" AssignToFlag="1" EstEndInDays="0" EstEndInHrs="0" EstEndInMins="0" DateContext="0" ServiceContext="1"><TaskLabel><![CDATA[Hide Execution Metrics]]></TaskLabel><EventName /><Description /><DeleteSection /><SumSection /><SumField /><FilterSection /><FilterField /><FilterValue /><ServiceAssociation /><TargetAssociation /><TransactionType><![CDATA[0]]></TransactionType><Status><![CDATA[0]]></Status><ParametersMapId><![CDATA[-1]]></ParametersMapId><FormulaRecalc><![CDATA[0]]></FormulaRecalc><Module><![CDATA[devETLJob]]></Module><BO><![CDATA[devETLJob]]></BO><AssociatedBO><![CDATA[-2]]></AssociatedBO><AssociatedModule><![CDATA[-2]]></AssociatedModule><AssignToUserMod /><AssignToUserBO /><AssignToUser /><TaskRefs><TaskRef RefType="0" UseType="1" TaskRefType="0" CtxType="-1" RefTaskId="0"><RefSec /><RefField /><RefAssoc /><RefModule><![CDATA[devETLJob]]></RefModule><RefObject><![CDATA[devETLJob]]></RefObject><RefRecordMod /><RefRecordBO /><RefRecord /></TaskRef></TaskRefs><GUIMappings><GUIMapping Id="0" Type="0" PropType="1" TaskId="0" ActId="0"><Tab><![CDATA[triGeneral]]></Tab><Section><![CDATA[devExecution]]></Section><Field><![CDATA[^^]]></Field><PropVal><![CDATA[false]]></PropVal><TAskData /><Bo><![CDATA[devETLJob]]></Bo><BoModule><![CDATA[devETLJob]]></BoModule><GUI><![CDATA[devETLJob]]></GUI><Module><![CDATA[devETLJob]]></Module></GUIMapping></GUIMappings></Task><Task Id="206137" Type="12" FilterOperator="10" RecurrenceId="0" MapId="-1" SRCTaskId="-1" TRGTTaskId="-1" AssigneeTaskId="0" SortCount="1" UseMap="1" LockUser="0" AssignToFlag="1" EstEndInDays="0" EstEndInHrs="0" EstEndInMins="0" DateContext="0" ServiceContext="1"><TaskLabel /><EventName /><Description /><DeleteSection /><SumSection /><SumField /><FilterSection /><FilterField /><FilterValue /><ServiceAssociation /><TargetAssociation /><TransactionType><![CDATA[0]]></TransactionType><Status><![CDATA[0]]></Status><ParametersMapId><![CDATA[-1]]></ParametersMapId><FormulaRecalc><![CDATA[0]]></FormulaRecalc><Module /><BO /><AssignToUserMod /><AssignToUserBO /><AssignToUser /><TaskRefs /></Task><Task Id="206141" Type="23" FilterOperator="10" RecurrenceId="0" MapId="-1" SRCTaskId="-1" TRGTTaskId="-1" AssigneeTaskId="0" SortCount="1" UseMap="0" LockUser="0" AssignToFlag="1" EstEndInDays="0" EstEndInHrs="0" EstEndInMins="0" DateContext="0" ServiceContext="1"><TaskLabel><![CDATA[Show Completed Metrics]]></TaskLabel><EventName /><Description /><DeleteSection /><SumSection /><SumField /><FilterSection /><FilterField /><FilterValue /><ServiceAssociation /><TargetAssociation /><TransactionType><![CDATA[0]]></TransactionType><Status><![CDATA[0]]></Status><ParametersMapId><![CDATA[-1]]></ParametersMapId><FormulaRecalc><![CDATA[0]]></FormulaRecalc><Module><![CDATA[devETLJob]]></Module><BO><![CDATA[devETLJob]]></BO><AssociatedBO><![CDATA[-2]]></AssociatedBO><AssociatedModule><![CDATA[-2]]></AssociatedModule><AssignToUserMod /><AssignToUserBO /><AssignToUser /><TaskRefs><TaskRef RefType="0" UseType="1" TaskRefType="0" CtxType="-1" RefTaskId="0"><RefSec /><RefField /><RefAssoc /><RefModule><![CDATA[devETLJob]]></RefModule><RefObject><![CDATA[devETLJob]]></RefObject><RefRecordMod /><RefRecordBO /><RefRecord /></TaskRef></TaskRefs><GUIMappings><GUIMapping Id="0" Type="0" PropType="1" TaskId="0" ActId="0"><Tab><![CDATA[triGeneral]]></Tab><Section><![CDATA[devExecution]]></Section><Field><![CDATA[^^]]></Field><PropVal><![CDATA[true]]></PropVal><TAskData /><Bo><![CDATA[devETLJob]]></Bo><BoModule><![CDATA[devETLJob]]></BoModule><GUI><![CDATA[devETLJob]]></GUI><Module><![CDATA[devETLJob]]></Module></GUIMapping><GUIMapping Id="0" Type="0" PropType="1" TaskId="0" ActId="0"><Tab><![CDATA[triGeneral]]></Tab><Section><![CDATA[devExecution]]></Section><Field><![CDATA[devExecutionDurationDU]]></Field><PropVal><![CDATA[true]]></PropVal><TAskData /><Bo><![CDATA[devETLJob]]></Bo><BoModule><![CDATA[devETLJob]]></BoModule><GUI><![CDATA[devETLJob]]></GUI><Module><![CDATA[devETLJob]]></Module></GUIMapping><GUIMapping Id="0" Type="0" PropType="1" TaskId="0" ActId="0"><Tab><![CDATA[triGeneral]]></Tab><Section><![CDATA[devExecution]]></Section><Field><![CDATA[devExecutionEndDT]]></Field><PropVal><![CDATA[true]]></PropVal><TAskData /><Bo><![CDATA[devETLJob]]></Bo><BoModule><![CDATA[devETLJob]]></BoModule><GUI><![CDATA[devETLJob]]></GUI><Module><![CDATA[devETLJob]]></Module></GUIMapping></GUIMappings></Task><Task Id="206140" Type="23" FilterOperator="10" RecurrenceId="0" MapId="-1" SRCTaskId="-1" TRGTTaskId="-1" AssigneeTaskId="0" SortCount="1" UseMap="0" LockUser="0" AssignToFlag="1" EstEndInDays="0" EstEndInHrs="0" EstEndInMins="0" DateContext="0" ServiceContext="1"><TaskLabel><![CDATA[Show Running Metrics]]></TaskLabel><EventName /><Description /><DeleteSection /><SumSection /><SumField /><FilterSection /><FilterField /><FilterValue /><ServiceAssociation /><TargetAssociation /><TransactionType><![CDATA[0]]></TransactionType><Status><![CDATA[0]]></Status><ParametersMapId><![CDATA[-1]]></ParametersMapId><FormulaRecalc><![CDATA[0]]></FormulaRecalc><Module><![CDATA[devETLJob]]></Module><BO><![CDATA[devETLJob]]></BO><AssociatedBO><![CDATA[-2]]></AssociatedBO><AssociatedModule><![CDATA[-2]]></AssociatedModule><AssignToUserMod /><AssignToUserBO /><AssignToUser /><TaskRefs><TaskRef RefType="0" UseType="1" TaskRefType="0" CtxType="-1" RefTaskId="0"><RefSec /><RefField /><RefAssoc /><RefModule><![CDATA[devETLJob]]></RefModule><RefObject><![CDATA[devETLJob]]></RefObject><RefRecordMod /><RefRecordBO /><RefRecord /></TaskRef></TaskRefs><GUIMappings><GUIMapping Id="0" Type="0" PropType="1" TaskId="0" ActId="0"><Tab><![CDATA[triGeneral]]></Tab><Section><![CDATA[devExecution]]></Section><Field><![CDATA[^^]]></Field><PropVal><![CDATA[true]]></PropVal><TAskData /><Bo><![CDATA[devETLJob]]></Bo><BoModule><![CDATA[devETLJob]]></BoModule><GUI><![CDATA[devETLJob]]></GUI><Module><![CDATA[devETLJob]]></Module></GUIMapping><GUIMapping Id="0" Type="0" PropType="1" TaskId="0" ActId="0"><Tab><![CDATA[triGeneral]]></Tab><Section><![CDATA[devExecution]]></Section><Field><![CDATA[devExecutionDurationDU]]></Field><PropVal><![CDATA[false]]></PropVal><TAskData /><Bo><![CDATA[devETLJob]]></Bo><BoModule><![CDATA[devETLJob]]></BoModule><GUI><![CDATA[devETLJob]]></GUI><Module><![CDATA[devETLJob]]></Module></GUIMapping><GUIMapping Id="0" Type="0" PropType="1" TaskId="0" ActId="0"><Tab><![CDATA[triGeneral]]></Tab><Section><![CDATA[devExecution]]></Section><Field><![CDATA[devExecutionEndDT]]></Field><PropVal><![CDATA[false]]></PropVal><TAskData /><Bo><![CDATA[devETLJob]]></Bo><BoModule><![CDATA[devETLJob]]></BoModule><GUI><![CDATA[devETLJob]]></GUI><Module><![CDATA[devETLJob]]></Module></GUIMapping></GUIMappings></Task></Tasks><WFSteps><WFStep Id="0" Type="1" ParId="-1" /><WFStep Id="206030" Type="9" ParId="206137" /><WFStep Id="206130" Type="14" ParId="0" /><WFStep Id="206131" Type="12" ParId="206130" /><WFStep Id="206131" Type="12" ParId="206135" /><WFStep Id="206134" Type="23" ParId="206130" /><WFStep Id="206135" Type="9" ParId="206134" /><WFStep Id="206136" Type="14" ParId="206131" /><WFStep Id="206137" Type="12" ParId="206140" /><WFStep Id="206137" Type="12" ParId="206141" /><WFStep Id="206140" Type="23" ParId="206136" /><WFStep Id="206141" Type="23" ParId="206136" /></WFSteps></Workflow>
