<?xml version="1.0" encoding="UTF-8"?>
<Workflow><Header Type="4" WfStatus="10" IgnoreModuleLevel="0" InstanceData="1" LockRecord="0" Modifier="0"><Name><![CDATA[devETLJob - De-Associate devJobVariable - Delete Job Variable]]></Name><Module><![CDATA[devETLJob]]></Module><BO><![CDATA[devETLJob]]></BO><EventName><![CDATA[De-Associate]]></EventName><Description><![CDATA[Deletes a job variable when removed from the job.]]></Description><AssociationName><![CDATA[Has Item]]></AssociationName><AssociatedBO><![CDATA[devJobVariable]]></AssociatedBO><AssociatedModule><![CDATA[devETLJob]]></AssociatedModule></Header><Tasks><Task Id="0" Type="1" FilterOperator="10" RecurrenceId="0" MapId="140696" SRCTaskId="-1" TRGTTaskId="-1" AssigneeTaskId="0" SortCount="1" UseMap="1" LockUser="0" AssignToFlag="1" EstEndInDays="0" EstEndInHrs="0" EstEndInMins="0" DateContext="0" ServiceContext="1"><TaskLabel><![CDATA[Start]]></TaskLabel><EventName><![CDATA[De-Associate]]></EventName><Description /><DeleteSection /><SumSection /><SumField /><FilterSection /><FilterField /><FilterValue /><ServiceAssociation /><TargetAssociation /><TransactionType><![CDATA[0]]></TransactionType><Status><![CDATA[0]]></Status><ParametersMapId><![CDATA[-1]]></ParametersMapId><FormulaRecalc><![CDATA[0]]></FormulaRecalc><Module><![CDATA[devETLJob]]></Module><BO><![CDATA[devETLJob]]></BO><AssociatedModule><![CDATA[devETLJob]]></AssociatedModule><AssociatedBO><![CDATA[devJobVariable]]></AssociatedBO><AssignToUserMod><![CDATA[triPeople]]></AssignToUserMod><AssignToUserBO><![CDATA[My Profile]]></AssignToUserBO><AssignToUser><![CDATA[\System, System -]]></AssignToUser><TaskRefs /><Condition><Expression><![CDATA[ ]]></Expression></Condition></Task><Task Id="205630" Type="9" FilterOperator="10" RecurrenceId="0" MapId="-1" SRCTaskId="-1" TRGTTaskId="-1" AssigneeTaskId="0" SortCount="1" UseMap="1" LockUser="0" AssignToFlag="1" EstEndInDays="0" EstEndInHrs="0" EstEndInMins="0" DateContext="0" ServiceContext="1"><TaskLabel /><EventName /><Description /><DeleteSection /><SumSection /><SumField /><FilterSection /><FilterField /><FilterValue /><ServiceAssociation /><TargetAssociation /><TransactionType><![CDATA[0]]></TransactionType><Status><![CDATA[0]]></Status><ParametersMapId><![CDATA[-1]]></ParametersMapId><FormulaRecalc><![CDATA[0]]></FormulaRecalc><Module /><BO /><AssignToUserMod /><AssignToUserBO /><AssignToUser /><TaskRefs /></Task><Task Id="205631" Type="31" FilterOperator="10" RecurrenceId="0" MapId="-1" SRCTaskId="-1" TRGTTaskId="-1" AssigneeTaskId="0" SortCount="1" UseMap="1" LockUser="0" AssignToFlag="1" EstEndInDays="0" EstEndInHrs="0" EstEndInMins="0" DateContext="0" ServiceContext="1"><TaskLabel><![CDATA[Trigger triDelete]]></TaskLabel><EventName><![CDATA[triDelete]]></EventName><Description><![CDATA[Deletes the job variable.]]></Description><DeleteSection /><SumSection /><SumField /><FilterSection /><FilterField /><FilterValue /><ServiceAssociation /><TargetAssociation /><TransactionType><![CDATA[0]]></TransactionType><Status><![CDATA[0]]></Status><ParametersMapId><![CDATA[-1]]></ParametersMapId><FormulaRecalc><![CDATA[0]]></FormulaRecalc><Module><![CDATA[devETLJob]]></Module><BO><![CDATA[devJobVariable]]></BO><AssignToUserMod /><AssignToUserBO /><AssignToUser /><TaskRefs><TaskRef RefType="0" UseType="1" TaskRefType="3" CtxType="-1" RefTaskId="0"><RefSec /><RefField><![CDATA[null]]></RefField><RefAssoc /><RefModule><![CDATA[devETLJob]]></RefModule><RefObject><![CDATA[devJobVariable]]></RefObject><RefRecordMod /><RefRecordBO /><RefRecord /></TaskRef><TaskRef RefType="1" UseType="2" TaskRefType="0" CtxType="-1" RefTaskId="0"><RefSec /><RefField /><RefAssoc /><RefModule><![CDATA[devETLJob]]></RefModule><RefObject><![CDATA[devETLJob]]></RefObject></TaskRef></TaskRefs></Task></Tasks><WFSteps><WFStep Id="0" Type="1" ParId="-1" /><WFStep Id="205630" Type="9" ParId="205631" /><WFStep Id="205631" Type="31" ParId="0" /></WFSteps></Workflow>
