<?xml version="1.0" encoding="UTF-8"?>
<Workflow><Header Type="4" WfStatus="10" IgnoreModuleLevel="0" InstanceData="1" LockRecord="0" Modifier="0"><Name><![CDATA[devETLJob - devExecute - Execute Job]]></Name><Module><![CDATA[devETLJob]]></Module><BO><![CDATA[devETLJob]]></BO><EventName><![CDATA[devExecute]]></EventName><Description><![CDATA[Runs the ETL Job if in an active state]]></Description><AssociationName /><AssociatedBO /><AssociatedModule><![CDATA[devETLJob]]></AssociatedModule></Header><Tasks><Task Id="0" Type="1" FilterOperator="10" RecurrenceId="0" MapId="188753" SRCTaskId="-1" TRGTTaskId="-1" AssigneeTaskId="0" SortCount="1" UseMap="1" LockUser="0" AssignToFlag="1" EstEndInDays="0" EstEndInHrs="0" EstEndInMins="0" DateContext="0" ServiceContext="1"><TaskLabel><![CDATA[Start]]></TaskLabel><EventName><![CDATA[devExecute]]></EventName><Description /><DeleteSection /><SumSection /><SumField /><FilterSection /><FilterField /><FilterValue /><ServiceAssociation /><TargetAssociation /><TransactionType><![CDATA[0]]></TransactionType><Status><![CDATA[0]]></Status><ParametersMapId><![CDATA[-1]]></ParametersMapId><FormulaRecalc><![CDATA[0]]></FormulaRecalc><Module><![CDATA[devETLJob]]></Module><BO><![CDATA[devETLJob]]></BO><AssociatedModule><![CDATA[devETLJob]]></AssociatedModule><AssociatedBO /><AssignToUserMod><![CDATA[triPeople]]></AssignToUserMod><AssignToUserBO><![CDATA[My Profile]]></AssignToUserBO><AssignToUser><![CDATA[\System, System -]]></AssignToUser><TaskRefs /><Condition><Expression><![CDATA[p0 == "triActive" ]]></Expression><Params><Param PId="0"><PType><![CDATA[field]]></PType><PDataId><![CDATA[0]]></PDataId><PField><![CDATA[triRecordStateSY]]></PField><PSection><![CDATA[General]]></PSection><PModule><![CDATA[devETLJob]]></PModule><PBO><![CDATA[devETLJob]]></PBO></Param></Params></Condition></Task><Task Id="205930" Type="9" FilterOperator="10" RecurrenceId="0" MapId="-1" SRCTaskId="-1" TRGTTaskId="-1" AssigneeTaskId="0" SortCount="1" UseMap="1" LockUser="0" AssignToFlag="1" EstEndInDays="0" EstEndInHrs="0" EstEndInMins="0" DateContext="0" ServiceContext="1"><TaskLabel /><EventName /><Description /><DeleteSection /><SumSection /><SumField /><FilterSection /><FilterField /><FilterValue /><ServiceAssociation /><TargetAssociation /><TransactionType><![CDATA[0]]></TransactionType><Status><![CDATA[0]]></Status><ParametersMapId><![CDATA[-1]]></ParametersMapId><FormulaRecalc><![CDATA[0]]></FormulaRecalc><Module /><BO /><AssignToUserMod /><AssignToUserBO /><AssignToUser /><TaskRefs /></Task><Task Id="206230" Type="28" FilterOperator="10" RecurrenceId="0" MapId="29635" SRCTaskId="-1" TRGTTaskId="-1" AssigneeTaskId="0" SortCount="1" UseMap="1" LockUser="0" AssignToFlag="1" EstEndInDays="0" EstEndInHrs="0" EstEndInMins="0" DateContext="0" ServiceContext="1"><TaskLabel><![CDATA[Reset Execution Metrics]]></TaskLabel><EventName><![CDATA[Append]]></EventName><Description /><DeleteSection /><SumSection /><SumField /><FilterSection /><FilterField /><FilterValue /><ServiceAssociation /><TargetAssociation /><TransactionType><![CDATA[0]]></TransactionType><Status><![CDATA[0]]></Status><ParametersMapId><![CDATA[-1]]></ParametersMapId><FormulaRecalc><![CDATA[0]]></FormulaRecalc><Module><![CDATA[devETLJob]]></Module><BO><![CDATA[devETLJob]]></BO><AssignToUserMod /><AssignToUserBO /><AssignToUser /><TaskRefs><TaskRef RefType="0" UseType="1" TaskRefType="0" CtxType="-1" RefTaskId="0"><RefSec /><RefField /><RefAssoc /><RefModule><![CDATA[devETLJob]]></RefModule><RefObject><![CDATA[devETLJob]]></RefObject><RefRecordMod /><RefRecordBO /><RefRecord /></TaskRef><TaskRef RefType="1" UseType="2" TaskRefType="0" CtxType="-1" RefTaskId="0"><RefSec /><RefField /><RefAssoc /><RefModule><![CDATA[devETLJob]]></RefModule><RefObject><![CDATA[devETLJob]]></RefObject></TaskRef></TaskRefs><ObjMappings><ObjMapping Id="29635" Type="10"><FldVal /><SrcFldVal /><TrgtModule><![CDATA[devETLJob]]></TrgtModule><TrgtBo><![CDATA[devETLJob]]></TrgtBo><SrcModule><![CDATA[devETLJob]]></SrcModule><SrcBo><![CDATA[devETLJob]]></SrcBo><TrgtTab><![CDATA[General]]></TrgtTab><TrgtSec><![CDATA[General]]></TrgtSec><TrgtFld><![CDATA[devExecutionDurationDU]]></TrgtFld><SrcTab /><SrcSec /><SrcFld /></ObjMapping><ObjMapping Id="29635" Type="40"><FldVal /><SrcFldVal /><TrgtModule><![CDATA[devETLJob]]></TrgtModule><TrgtBo><![CDATA[devETLJob]]></TrgtBo><SrcModule><![CDATA[devETLJob]]></SrcModule><SrcBo><![CDATA[devETLJob]]></SrcBo><TrgtTab><![CDATA[General]]></TrgtTab><TrgtSec><![CDATA[General]]></TrgtSec><TrgtFld><![CDATA[devExecutionEndDT]]></TrgtFld><SrcTab /><SrcSec /><SrcFld /></ObjMapping><ObjMapping Id="29635" Type="80"><FldVal><![CDATA[CurrentTime()]]></FldVal><SrcFldVal /><TrgtModule><![CDATA[devETLJob]]></TrgtModule><TrgtBo><![CDATA[devETLJob]]></TrgtBo><SrcModule><![CDATA[devETLJob]]></SrcModule><SrcBo><![CDATA[devETLJob]]></SrcBo><EFormula><EFormulaExpr><![CDATA[CurrentTime()]]></EFormulaExpr></EFormula><TrgtTab><![CDATA[General]]></TrgtTab><TrgtSec><![CDATA[General]]></TrgtSec><TrgtFld><![CDATA[devExecutionStartDT]]></TrgtFld><SrcTab /><SrcSec /><SrcFld /></ObjMapping><ObjMapping Id="29635" Type="40"><FldVal><![CDATA[Running]]></FldVal><SrcFldVal /><TrgtModule><![CDATA[devETLJob]]></TrgtModule><TrgtBo><![CDATA[devETLJob]]></TrgtBo><SrcModule><![CDATA[devETLJob]]></SrcModule><SrcBo><![CDATA[devETLJob]]></SrcBo><TrgtTab><![CDATA[General]]></TrgtTab><TrgtSec><![CDATA[General]]></TrgtSec><TrgtFld><![CDATA[devExecutionStatusTX]]></TrgtFld><SrcTab /><SrcSec /><SrcFld /></ObjMapping></ObjMappings></Task><Task Id="206231" Type="14" FilterOperator="10" RecurrenceId="0" MapId="188754" SRCTaskId="-1" TRGTTaskId="206232" AssigneeTaskId="0" SortCount="1" UseMap="1" LockUser="0" AssignToFlag="1" EstEndInDays="0" EstEndInHrs="0" EstEndInMins="0" DateContext="0" ServiceContext="1"><TaskLabel /><EventName><![CDATA[0=true;1=false;]]></EventName><Description /><DeleteSection /><SumSection /><SumField /><FilterSection /><FilterField /><FilterValue /><ServiceAssociation /><TargetAssociation><![CDATA[206235;206236;]]></TargetAssociation><TransactionType><![CDATA[0]]></TransactionType><Status><![CDATA[0]]></Status><ParametersMapId><![CDATA[-1]]></ParametersMapId><FormulaRecalc><![CDATA[0]]></FormulaRecalc><Module /><BO /><AssignToUserMod /><AssignToUserBO /><AssignToUser /><TaskRefs /><Condition><Expression><![CDATA[p0 == "SUCCESS" ]]></Expression><Params><Param PId="0"><PType><![CDATA[item]]></PType><PDataId><![CDATA[205931]]></PDataId><PItem><![CDATA[Success]]></PItem></Param></Params></Condition></Task><Task Id="206232" Type="12" FilterOperator="10" RecurrenceId="0" MapId="-1" SRCTaskId="-1" TRGTTaskId="-1" AssigneeTaskId="0" SortCount="1" UseMap="1" LockUser="0" AssignToFlag="1" EstEndInDays="0" EstEndInHrs="0" EstEndInMins="0" DateContext="0" ServiceContext="1"><TaskLabel /><EventName /><Description /><DeleteSection /><SumSection /><SumField /><FilterSection /><FilterField /><FilterValue /><ServiceAssociation /><TargetAssociation /><TransactionType><![CDATA[0]]></TransactionType><Status><![CDATA[0]]></Status><ParametersMapId><![CDATA[-1]]></ParametersMapId><FormulaRecalc><![CDATA[0]]></FormulaRecalc><Module /><BO /><AssignToUserMod /><AssignToUserBO /><AssignToUser /><TaskRefs /></Task><Task Id="206236" Type="28" FilterOperator="10" RecurrenceId="0" MapId="29637" SRCTaskId="-1" TRGTTaskId="-1" AssigneeTaskId="0" SortCount="1" UseMap="1" LockUser="0" AssignToFlag="1" EstEndInDays="0" EstEndInHrs="0" EstEndInMins="0" DateContext="0" ServiceContext="1"><TaskLabel><![CDATA[Set Failure]]></TaskLabel><EventName><![CDATA[Append]]></EventName><Description /><DeleteSection /><SumSection /><SumField /><FilterSection /><FilterField /><FilterValue /><ServiceAssociation /><TargetAssociation /><TransactionType><![CDATA[0]]></TransactionType><Status><![CDATA[0]]></Status><ParametersMapId><![CDATA[-1]]></ParametersMapId><FormulaRecalc><![CDATA[0]]></FormulaRecalc><Module><![CDATA[devETLJob]]></Module><BO><![CDATA[devETLJob]]></BO><AssignToUserMod /><AssignToUserBO /><AssignToUser /><TaskRefs><TaskRef RefType="0" UseType="1" TaskRefType="0" CtxType="-1" RefTaskId="0"><RefSec /><RefField /><RefAssoc /><RefModule><![CDATA[devETLJob]]></RefModule><RefObject><![CDATA[devETLJob]]></RefObject><RefRecordMod /><RefRecordBO /><RefRecord /></TaskRef><TaskRef RefType="1" UseType="2" TaskRefType="0" CtxType="-1" RefTaskId="0"><RefSec /><RefField /><RefAssoc /><RefModule><![CDATA[devETLJob]]></RefModule><RefObject><![CDATA[devETLJob]]></RefObject></TaskRef></TaskRefs><ObjMappings><ObjMapping Id="29637" Type="80"><FldVal><![CDATA[CurrentTime()]]></FldVal><SrcFldVal /><TrgtModule><![CDATA[devETLJob]]></TrgtModule><TrgtBo><![CDATA[devETLJob]]></TrgtBo><SrcModule><![CDATA[devETLJob]]></SrcModule><SrcBo><![CDATA[devETLJob]]></SrcBo><EFormula><EFormulaExpr><![CDATA[CurrentTime()]]></EFormulaExpr></EFormula><TrgtTab><![CDATA[General]]></TrgtTab><TrgtSec><![CDATA[General]]></TrgtSec><TrgtFld><![CDATA[devExecutionEndDT]]></TrgtFld><SrcTab /><SrcSec /><SrcFld /></ObjMapping><ObjMapping Id="29637" Type="40"><FldVal><![CDATA[Completed With Errors]]></FldVal><SrcFldVal /><TrgtModule><![CDATA[devETLJob]]></TrgtModule><TrgtBo><![CDATA[devETLJob]]></TrgtBo><SrcModule><![CDATA[devETLJob]]></SrcModule><SrcBo><![CDATA[devETLJob]]></SrcBo><TrgtTab><![CDATA[General]]></TrgtTab><TrgtSec><![CDATA[General]]></TrgtSec><TrgtFld><![CDATA[devExecutionStatusTX]]></TrgtFld><SrcTab /><SrcSec /><SrcFld /></ObjMapping></ObjMappings></Task><Task Id="206235" Type="28" FilterOperator="10" RecurrenceId="0" MapId="29636" SRCTaskId="-1" TRGTTaskId="-1" AssigneeTaskId="0" SortCount="1" UseMap="1" LockUser="0" AssignToFlag="1" EstEndInDays="0" EstEndInHrs="0" EstEndInMins="0" DateContext="0" ServiceContext="1"><TaskLabel><![CDATA[Set Completed Successfully]]></TaskLabel><EventName><![CDATA[Append]]></EventName><Description /><DeleteSection /><SumSection /><SumField /><FilterSection /><FilterField /><FilterValue /><ServiceAssociation /><TargetAssociation /><TransactionType><![CDATA[0]]></TransactionType><Status><![CDATA[0]]></Status><ParametersMapId><![CDATA[-1]]></ParametersMapId><FormulaRecalc><![CDATA[0]]></FormulaRecalc><Module><![CDATA[devETLJob]]></Module><BO><![CDATA[devETLJob]]></BO><AssignToUserMod /><AssignToUserBO /><AssignToUser /><TaskRefs><TaskRef RefType="0" UseType="1" TaskRefType="0" CtxType="-1" RefTaskId="0"><RefSec /><RefField /><RefAssoc /><RefModule><![CDATA[devETLJob]]></RefModule><RefObject><![CDATA[devETLJob]]></RefObject><RefRecordMod /><RefRecordBO /><RefRecord /></TaskRef><TaskRef RefType="1" UseType="2" TaskRefType="0" CtxType="-1" RefTaskId="0"><RefSec /><RefField /><RefAssoc /><RefModule><![CDATA[devETLJob]]></RefModule><RefObject><![CDATA[devETLJob]]></RefObject></TaskRef></TaskRefs><ObjMappings><ObjMapping Id="29636" Type="80"><FldVal><![CDATA[CurrentTime()]]></FldVal><SrcFldVal /><TrgtModule><![CDATA[devETLJob]]></TrgtModule><TrgtBo><![CDATA[devETLJob]]></TrgtBo><SrcModule><![CDATA[devETLJob]]></SrcModule><SrcBo><![CDATA[devETLJob]]></SrcBo><EFormula><EFormulaExpr><![CDATA[CurrentTime()]]></EFormulaExpr></EFormula><TrgtTab><![CDATA[General]]></TrgtTab><TrgtSec><![CDATA[General]]></TrgtSec><TrgtFld><![CDATA[devExecutionEndDT]]></TrgtFld><SrcTab /><SrcSec /><SrcFld /></ObjMapping><ObjMapping Id="29636" Type="40"><FldVal><![CDATA[Completed Successfully]]></FldVal><SrcFldVal /><TrgtModule><![CDATA[devETLJob]]></TrgtModule><TrgtBo><![CDATA[devETLJob]]></TrgtBo><SrcModule><![CDATA[devETLJob]]></SrcModule><SrcBo><![CDATA[devETLJob]]></SrcBo><TrgtTab><![CDATA[General]]></TrgtTab><TrgtSec><![CDATA[General]]></TrgtSec><TrgtFld><![CDATA[devExecutionStatusTX]]></TrgtFld><SrcTab /><SrcSec /><SrcFld /></ObjMapping></ObjMappings></Task><Task Id="205931" Type="39" FilterOperator="10" RecurrenceId="0" MapId="-1" SRCTaskId="-1" TRGTTaskId="-1" AssigneeTaskId="0" SortCount="1" UseMap="1" LockUser="0" AssignToFlag="1" EstEndInDays="0" EstEndInHrs="0" EstEndInMins="0" DateContext="0" ServiceContext="1"><TaskLabel><![CDATA[Run ETL Job]]></TaskLabel><EventName /><Description><![CDATA[Runs the Kettle ETL Job]]></Description><DeleteSection /><SumSection /><SumField /><FilterSection /><FilterField><![CDATA[ETLClassLoader:com.tririga.custom.etl.ETLJobTask]]></FilterField><FilterValue /><ServiceAssociation /><TargetAssociation /><TransactionType><![CDATA[0]]></TransactionType><Status><![CDATA[0]]></Status><ParametersMapId><![CDATA[-1]]></ParametersMapId><FormulaRecalc><![CDATA[0]]></FormulaRecalc><Module><![CDATA[devETLJob]]></Module><BO><![CDATA[devETLJob]]></BO><AssignToUserMod /><AssignToUserBO /><AssignToUser /><TaskRefs><TaskRef RefType="0" UseType="1" TaskRefType="0" CtxType="-1" RefTaskId="0"><RefSec /><RefField><![CDATA[null]]></RefField><RefAssoc /><RefModule><![CDATA[devETLJob]]></RefModule><RefObject><![CDATA[devETLJob]]></RefObject><RefRecordMod /><RefRecordBO /><RefRecord /></TaskRef></TaskRefs></Task></Tasks><WFSteps><WFStep Id="0" Type="1" ParId="-1" /><WFStep Id="205930" Type="9" ParId="206232" /><WFStep Id="205931" Type="39" ParId="206230" /><WFStep Id="206230" Type="28" ParId="0" /><WFStep Id="206231" Type="14" ParId="205931" /><WFStep Id="206232" Type="12" ParId="206235" /><WFStep Id="206232" Type="12" ParId="206236" /><WFStep Id="206235" Type="28" ParId="206231" /><WFStep Id="206236" Type="28" ParId="206231" /></WFSteps></Workflow>
