<?xml version = "1.0" encoding = "UTF-8"?> <OMObjects><OMObject Type='1'><Module><![CDATA[devUtil]]></Module><BO><![CDATA[]]></BO><Name><![CDATA[devUtil]]></Name><File><![CDATA[Business Object_devUtil_devUtil.xml]]></File></OMObject><OMObject Type='1'><Module><![CDATA[devUtil]]></Module><BO><![CDATA[]]></BO><Name><![CDATA[devWorkflowMetrics]]></Name><File><![CDATA[Business Object_devUtil_devWorkflowMetrics.xml]]></File></OMObject><OMObject Type='1'><Module><![CDATA[devUtil]]></Module><BO><![CDATA[]]></BO><Name><![CDATA[devWorkflowPerformance]]></Name><File><![CDATA[Business Object_devUtil_devWorkflowPerformance.xml]]></File></OMObject><OMObject Type='2'><Module><![CDATA[devUtil]]></Module><BO><![CDATA[devWorkflowMetrics]]></BO><Name><![CDATA[devWorkflowMetrics]]></Name><File><![CDATA[GUI_devUtil_devWorkflowMetrics.xml]]></File></OMObject><OMObject Type='2'><Module><![CDATA[devUtil]]></Module><BO><![CDATA[devWorkflowPerformance]]></BO><Name><![CDATA[devWorkflowPerformance]]></Name><File><![CDATA[GUI_devUtil_devWorkflowPerformance.xml]]></File></OMObject><OMObject Type='5'><Module><![CDATA[]]></Module><BO><![CDATA[]]></BO><Name><![CDATA[devWorkflowPerformance]]></Name><File><![CDATA[Manager_devWorkflowPerformance.xml]]></File></OMObject><OMObject Type='6'><Module><![CDATA[]]></Module><BO><![CDATA[]]></BO><Name><![CDATA[devUtil]]></Name><File><![CDATA[Module_devUtil.xml]]></File></OMObject><OMObject Type='4'><Module><![CDATA[devUtil]]></Module><BO><![CDATA[devWorkflowMetrics]]></BO><Name><![CDATA[devWorkflowMetrics - Associated to Workflow Performance Record - Average Time Chart]]></Name><File><![CDATA[Query_devUtil_devWorkflowMetrics-AssociatedtoWorkflowPerformanceRecord-AverageTimeChart.xml]]></File></OMObject><OMObject Type='4'><Module><![CDATA[devUtil]]></Module><BO><![CDATA[devWorkflowMetrics]]></BO><Name><![CDATA[devWorkflowMetrics - Associated to Workflow Performance Record - By Average Execution]]></Name><File><![CDATA[Query_devUtil_devWorkflowMetrics-AssociatedtoWorkflowPerformanceRecord-ByAverageExecution.xml]]></File></OMObject><OMObject Type='4'><Module><![CDATA[devUtil]]></Module><BO><![CDATA[devWorkflowMetrics]]></BO><Name><![CDATA[devWorkflowMetrics - Associated to Workflow Performance Record - By Execution Count]]></Name><File><![CDATA[Query_devUtil_devWorkflowMetrics-AssociatedtoWorkflowPerformanceRecord-ByExecutionCount.xml]]></File></OMObject><OMObject Type='4'><Module><![CDATA[devUtil]]></Module><BO><![CDATA[devWorkflowMetrics]]></BO><Name><![CDATA[devWorkflowMetrics - Associated to Workflow Performance Record - By Total Time]]></Name><File><![CDATA[Query_devUtil_devWorkflowMetrics-AssociatedtoWorkflowPerformanceRecord-ByTotalTime.xml]]></File></OMObject><OMObject Type='4'><Module><![CDATA[devUtil]]></Module><BO><![CDATA[devWorkflowMetrics]]></BO><Name><![CDATA[devWorkflowMetrics - Associated to Workflow Performance Record - By Type/Name]]></Name><File><![CDATA[Query_devUtil_devWorkflowMetrics-AssociatedtoWorkflowPerformanceRecord-ByTypeName.xml]]></File></OMObject><OMObject Type='4'><Module><![CDATA[devUtil]]></Module><BO><![CDATA[devWorkflowMetrics]]></BO><Name><![CDATA[devWorkflowMetrics - Associated to Workflow Performance Record - Execution Count Chart]]></Name><File><![CDATA[Query_devUtil_devWorkflowMetrics-AssociatedtoWorkflowPerformanceRecord-ExecutionCountChart.xml]]></File></OMObject><OMObject Type='4'><Module><![CDATA[devUtil]]></Module><BO><![CDATA[devWorkflowMetrics]]></BO><Name><![CDATA[devWorkflowMetrics - Associated to Workflow Performance Record - Total Time Chart]]></Name><File><![CDATA[Query_devUtil_devWorkflowMetrics-AssociatedtoWorkflowPerformanceRecord-TotalTimeChart.xml]]></File></OMObject><OMObject Type='4'><Module><![CDATA[devUtil]]></Module><BO><![CDATA[devWorkflowPerformance]]></BO><Name><![CDATA[devWorkflowPerformance - Manager Query]]></Name><File><![CDATA[Query_devUtil_devWorkflowPerformance-ManagerQuery.xml]]></File></OMObject><OMObject Type='3'><Module><![CDATA[devUtil]]></Module><BO><![CDATA[]]></BO><Name><![CDATA[devUtil - Any - Module Level Business Rules]]></Name><File><![CDATA[Workflow_devUtil_devUtil-Any-ModuleLevelBusinessRules.xml]]></File></OMObject><OMObject Type='3'><Module><![CDATA[devUtil]]></Module><BO><![CDATA[devWorkflowPerformance]]></BO><Name><![CDATA[devWorkflowPerformance - Pre-Create - Gather Workflow Metrics]]></Name><File><![CDATA[Workflow_devUtil_devWorkflowPerformance-Pre-Create-GatherWorkflowMetrics.xml]]></File></OMObject><OMObject Type='3'><Module><![CDATA[devUtil]]></Module><BO><![CDATA[devWorkflowPerformance]]></BO><Name><![CDATA[devWorkflowPerformance - triDelete - Delete Metrics]]></Name><File><![CDATA[Workflow_devUtil_devWorkflowPerformance-triDelete-DeleteMetrics.xml]]></File></OMObject></OMObjects>