<?xml version="1.0" encoding="UTF-8"?>
<BO><BOHeader Root="1" Sched="0" Type="1" Audit="0" AuditAccess="0" AuditAction="0" AuditComment="0" AuditSign="0" Approval="0" StageTable="0" SingTab="0"><Module><![CDATA[devUtil]]></Module><Name><![CDATA[devUtil]]></Name><Label><![CDATA[Utility]]></Label><Description><![CDATA[Base Utility object]]></Description><AuditLevel /></BOHeader><Sections><Section Type="0" Input="0" Vert="0" Passthrough="0" LiveLink="0" Override="0" Multi="0"><Name><![CDATA[General]]></Name><Label><![CDATA[General]]></Label><Association /><TempAssociation /><LayOutTab /><Fields><Field UomType="-1" HierClsType="9" EditUomType="0" MField="0" FieldLiveLink="0" FormulaFlag="0" UseInTot="0" UseInRes="0" ResultDispSeq="0" ReadOnly="1" LocFlag="0" NoAutoPop="0" GenOnCrt="0" FullPath="0" DepListFlag="0" BaseCurField="0" RefResultDispSeq="0" MFieldSeq="0" Size="0.0" DateDefNum="0" StageField="0"><Name><![CDATA[triRecordStateSY]]></Name><Description><![CDATA[Record State]]></Description><Purpose /><Type><![CDATA[System Read Only]]></Type><Label><![CDATA[Record State]]></Label><DVal /><Validation /><Required><![CDATA[N]]></Required><FormulaType><![CDATA[R]]></FormulaType><UomTypeName /><Uom /><RollUpType /><LTab><![CDATA[General]]></LTab><LSec><![CDATA[General]]></LSec><SubType><![CDATA[Object State]]></SubType><Association /><Format /><RollUpSource /></Field><Field UomType="-1" HierClsType="9" EditUomType="0" MField="0" FieldLiveLink="0" FormulaFlag="0" UseInTot="0" UseInRes="0" ResultDispSeq="0" ReadOnly="1" LocFlag="0" NoAutoPop="0" GenOnCrt="0" FullPath="0" DepListFlag="0" BaseCurField="0" RefResultDispSeq="0" MFieldSeq="0" Size="0.0" DateDefNum="0" StageField="0"><Name><![CDATA[triRecordNameSY]]></Name><Description><![CDATA[Record Name]]></Description><Purpose /><Type><![CDATA[System Read Only]]></Type><Label><![CDATA[Record Name]]></Label><DVal /><Validation /><Required><![CDATA[N]]></Required><FormulaType><![CDATA[R]]></FormulaType><UomTypeName /><Uom /><RollUpType /><LTab><![CDATA[General]]></LTab><LSec><![CDATA[General]]></LSec><SubType><![CDATA[Record Name]]></SubType><Association /><Format /><RollUpSource /></Field><Field UomType="-1" HierClsType="9" EditUomType="0" MField="0" FieldLiveLink="0" FormulaFlag="0" UseInTot="0" UseInRes="0" ResultDispSeq="0" ReadOnly="1" LocFlag="0" NoAutoPop="0" GenOnCrt="0" FullPath="0" DepListFlag="0" BaseCurField="0" RefResultDispSeq="0" MFieldSeq="0" Size="0.0" DateDefNum="0" StageField="0"><Name><![CDATA[triRecordIdSY]]></Name><Description><![CDATA[System Record ID]]></Description><Purpose /><Type><![CDATA[System Read Only]]></Type><Label><![CDATA[System Record ID]]></Label><DVal /><Validation /><Required><![CDATA[N]]></Required><FormulaType><![CDATA[R]]></FormulaType><UomTypeName /><Uom /><RollUpType /><LTab><![CDATA[General]]></LTab><LSec><![CDATA[General]]></LSec><SubType><![CDATA[BO Record Id]]></SubType><Association /><Format /><RollUpSource /></Field><Field UomType="-1" HierClsType="9" EditUomType="0" MField="0" FieldLiveLink="0" FormulaFlag="0" UseInTot="0" UseInRes="0" ResultDispSeq="0" ReadOnly="1" LocFlag="0" NoAutoPop="0" GenOnCrt="0" FullPath="0" DepListFlag="0" BaseCurField="0" RefResultDispSeq="0" MFieldSeq="0" Size="-1.0" DateDefNum="0" StageField="0"><Name><![CDATA[triFormNameSY]]></Name><Description><![CDATA[For Branching of Work Flows (used in start condition) in BO's having multiple GUI's.]]></Description><Purpose><![CDATA[For Branching of Work Flows in BO's having multiple GUI's.]]></Purpose><Type><![CDATA[System Read Only]]></Type><Label><![CDATA[Form Name]]></Label><DVal /><Validation /><Required><![CDATA[N]]></Required><FormulaType><![CDATA[R]]></FormulaType><UomTypeName /><Uom /><RollUpType /><LTab><![CDATA[General]]></LTab><LSec><![CDATA[General]]></LSec><SubType><![CDATA[GUI Name]]></SubType><Association /><Format /><RollUpSource /></Field><Field UomType="-1" HierClsType="9" EditUomType="0" MField="0" FieldLiveLink="0" FormulaFlag="0" UseInTot="0" UseInRes="0" ResultDispSeq="0" ReadOnly="1" LocFlag="0" NoAutoPop="0" GenOnCrt="0" FullPath="0" DepListFlag="0" BaseCurField="0" RefResultDispSeq="0" MFieldSeq="0" Size="0.0" DateDefNum="0" StageField="0"><Name><![CDATA[triFormLabelSY]]></Name><Description><![CDATA[Form Label]]></Description><Purpose /><Type><![CDATA[System Read Only]]></Type><Label><![CDATA[Record Form]]></Label><DVal /><Validation /><Required><![CDATA[N]]></Required><FormulaType><![CDATA[R]]></FormulaType><UomTypeName /><Uom /><RollUpType /><LTab><![CDATA[General]]></LTab><LSec><![CDATA[General]]></LSec><SubType><![CDATA[GUI Label]]></SubType><Association /><Format /><RollUpSource /></Field><Field UomType="-1" HierClsType="9" EditUomType="0" MField="0" FieldLiveLink="0" FormulaFlag="0" UseInTot="0" UseInRes="0" ResultDispSeq="0" ReadOnly="1" LocFlag="0" NoAutoPop="0" GenOnCrt="0" FullPath="0" DepListFlag="0" BaseCurField="0" RefResultDispSeq="0" MFieldSeq="0" Size="0.0" DateDefNum="0" StageField="0"><Name><![CDATA[triFormIdSY]]></Name><Description><![CDATA[Record Form]]></Description><Purpose /><Type><![CDATA[System Read Only]]></Type><Label><![CDATA[System Form ID]]></Label><DVal /><Validation /><Required><![CDATA[N]]></Required><FormulaType><![CDATA[R]]></FormulaType><UomTypeName /><Uom /><RollUpType /><LTab><![CDATA[General]]></LTab><LSec><![CDATA[General]]></LSec><SubType><![CDATA[GUI Id]]></SubType><Association /><Format /><RollUpSource /></Field><Field UomType="-1" HierClsType="9" EditUomType="0" MField="0" FieldLiveLink="0" FormulaFlag="0" UseInTot="0" UseInRes="0" ResultDispSeq="0" ReadOnly="1" LocFlag="0" NoAutoPop="0" GenOnCrt="0" FullPath="0" DepListFlag="0" BaseCurField="0" RefResultDispSeq="0" MFieldSeq="0" Size="-1.0" DateDefNum="0" StageField="0"><Name><![CDATA[triBusinessObjectNameSY]]></Name><Description /><Purpose /><Type><![CDATA[System Read Only]]></Type><Label><![CDATA[Business Object Name]]></Label><DVal /><Validation /><Required><![CDATA[N]]></Required><FormulaType><![CDATA[R]]></FormulaType><UomTypeName /><Uom /><RollUpType /><LTab><![CDATA[General]]></LTab><LSec><![CDATA[General]]></LSec><SubType><![CDATA[BO Type Name]]></SubType><Association /><Format /><RollUpSource /></Field><Field UomType="-1" HierClsType="9" EditUomType="0" MField="0" FieldLiveLink="0" FormulaFlag="0" UseInTot="0" UseInRes="0" ResultDispSeq="0" ReadOnly="1" LocFlag="0" NoAutoPop="0" GenOnCrt="0" FullPath="0" DepListFlag="0" BaseCurField="0" RefResultDispSeq="0" MFieldSeq="0" Size="0.0" DateDefNum="0" StageField="0"><Name><![CDATA[triBusinessObjectLabelSY]]></Name><Description><![CDATA[Business Object Label]]></Description><Purpose /><Type><![CDATA[System Read Only]]></Type><Label><![CDATA[Business Object Label]]></Label><DVal /><Validation /><Required><![CDATA[N]]></Required><FormulaType><![CDATA[R]]></FormulaType><UomTypeName /><Uom /><RollUpType /><LTab><![CDATA[General]]></LTab><LSec><![CDATA[General]]></LSec><SubType><![CDATA[BO Label]]></SubType><Association /><Format /><RollUpSource /></Field><Field UomType="-1" HierClsType="0" EditUomType="0" MField="0" FieldLiveLink="0" FormulaFlag="0" UseInTot="0" UseInRes="0" ResultDispSeq="0" ReadOnly="1" LocFlag="0" NoAutoPop="0" GenOnCrt="0" FullPath="0" DepListFlag="0" BaseCurField="0" RefResultDispSeq="0" MFieldSeq="0" Size="-1.0" DateDefNum="0" StageField="0"><Name><![CDATA[triBusinessObjectIdSY]]></Name><Description><![CDATA[System Business Object ID]]></Description><Purpose /><Type><![CDATA[System Read Only]]></Type><Label><![CDATA[System Business Object ID]]></Label><DVal /><Validation /><Required><![CDATA[N]]></Required><FormulaType><![CDATA[R]]></FormulaType><UomTypeName /><Uom /><RollUpType /><LTab><![CDATA[General]]></LTab><LSec><![CDATA[General]]></LSec><SubType><![CDATA[BO Type Id]]></SubType><Association /><Format /><RollUpSource /></Field><Field UomType="-1" HierClsType="0" EditUomType="0" MField="0" FieldLiveLink="0" FormulaFlag="0" UseInTot="0" UseInRes="0" ResultDispSeq="0" ReadOnly="0" LocFlag="0" NoAutoPop="1" GenOnCrt="0" FullPath="0" DepListFlag="0" BaseCurField="0" RefResultDispSeq="0" MFieldSeq="0" Size="150.0" DateDefNum="0" StageField="0"><Name><![CDATA[triIdTX]]></Name><Description><![CDATA[ID]]></Description><Purpose /><Type><![CDATA[Text]]></Type><Label><![CDATA[ID]]></Label><DVal /><Validation /><Required><![CDATA[N]]></Required><FormulaType><![CDATA[R]]></FormulaType><UomTypeName /><Uom /><RollUpType /><LTab><![CDATA[General]]></LTab><LSec><![CDATA[General]]></LSec><SubType /><Association /><Format /><RollUpSource /></Field><Field UomType="-1" HierClsType="9" EditUomType="0" MField="0" FieldLiveLink="0" FormulaFlag="0" UseInTot="0" UseInRes="0" ResultDispSeq="0" ReadOnly="1" LocFlag="0" NoAutoPop="1" GenOnCrt="1" FullPath="0" DepListFlag="0" BaseCurField="0" RefResultDispSeq="0" MFieldSeq="0" Size="0.0" DateDefNum="0" StageField="0"><Name><![CDATA[triControlNumberCN]]></Name><Description><![CDATA[Control Number are always read only.]]></Description><Purpose /><Type><![CDATA[Control Number]]></Type><Label><![CDATA[Control Number]]></Label><DVal /><Validation /><Required><![CDATA[N]]></Required><FormulaType><![CDATA[R]]></FormulaType><UomTypeName /><Uom /><RollUpType /><LTab><![CDATA[General]]></LTab><LSec><![CDATA[General]]></LSec><SubType /><Association /><Format /><RollUpSource /></Field></Fields></Section></Sections><Mappings CntrlNumPref="0" CntrlNumStart="1000000"><CntrlNumDelim><![CDATA[-]]></CntrlNumDelim><NameMap><Map MapType="1" MapFieldSystemFlag="0"><MapField><![CDATA[triIdTX]]></MapField><MapFieldSec><![CDATA[General]]></MapFieldSec><MapFieldLbl><![CDATA[ID]]></MapFieldLbl></Map></NameMap><ImageMap><Map MapType="0"><MapField><![CDATA[Image]]></MapField><MapFieldSec /><MapFieldLbl><![CDATA[Image]]></MapFieldLbl></Map></ImageMap><PrefixMap><Map MapType="0"><MapField><![CDATA[UTIL]]></MapField><MapFieldSec /><MapFieldLbl><![CDATA[UTIL]]></MapFieldLbl></Map></PrefixMap></Mappings></BO>
