<?xml version="1.0" encoding="UTF-8"?>
<BO><BOHeader Root="0" Sched="0" Type="1" Audit="0" AuditAccess="0" AuditAction="0" AuditComment="0" AuditSign="0" Approval="0" StageTable="0" SingTab="0"><Module><![CDATA[devUtil]]></Module><Name><![CDATA[devWorkflowMetrics]]></Name><Label><![CDATA[Workflow Metrics]]></Label><Description><![CDATA[Metrics for workflow execution]]></Description><AuditLevel /></BOHeader><Associations><Association AssocDepend="0"><AssocMod><![CDATA[devUtil]]></AssocMod><AssocBo><![CDATA[devWorkflowPerformance]]></AssocBo><AssocName><![CDATA[Is Item For]]></AssocName><AssocRevName><![CDATA[Has Item]]></AssocRevName></Association></Associations><Sections><Section Type="0" Input="0" Vert="0" Passthrough="0" LiveLink="0" Override="0" Multi="0"><Name><![CDATA[General]]></Name><Label><![CDATA[General]]></Label><Association /><TempAssociation /><LayOutTab /><Fields><Field UomType="-1" HierClsType="9" EditUomType="0" MField="0" FieldLiveLink="0" FormulaFlag="0" UseInTot="0" UseInRes="0" ResultDispSeq="0" ReadOnly="1" LocFlag="0" NoAutoPop="0" GenOnCrt="0" FullPath="0" DepListFlag="0" BaseCurField="0" RefResultDispSeq="0" MFieldSeq="0" Size="0.0" DateDefNum="0" StageField="0"><Name><![CDATA[triRecordNameSY]]></Name><Description><![CDATA[Record Name]]></Description><Purpose /><Type><![CDATA[System Read Only]]></Type><Label><![CDATA[Record Name]]></Label><DVal /><Validation /><Required><![CDATA[N]]></Required><FormulaType><![CDATA[R]]></FormulaType><UomTypeName /><Uom /><RollUpType /><LTab><![CDATA[General]]></LTab><LSec><![CDATA[General]]></LSec><SubType><![CDATA[Record Name]]></SubType><Association /><Format /><RollUpSource /></Field><Field UomType="-1" HierClsType="9" EditUomType="0" MField="0" FieldLiveLink="0" FormulaFlag="0" UseInTot="0" UseInRes="0" ResultDispSeq="0" ReadOnly="1" LocFlag="0" NoAutoPop="0" GenOnCrt="0" FullPath="0" DepListFlag="0" BaseCurField="0" RefResultDispSeq="0" MFieldSeq="0" Size="0.0" DateDefNum="0" StageField="0"><Name><![CDATA[triRecordIdSY]]></Name><Description><![CDATA[System Record ID]]></Description><Purpose /><Type><![CDATA[System Read Only]]></Type><Label><![CDATA[System Record ID]]></Label><DVal /><Validation /><Required><![CDATA[N]]></Required><FormulaType><![CDATA[R]]></FormulaType><UomTypeName /><Uom /><RollUpType /><LTab><![CDATA[General]]></LTab><LSec><![CDATA[General]]></LSec><SubType><![CDATA[BO Record Id]]></SubType><Association /><Format /><RollUpSource /></Field><Field UomType="-1" HierClsType="9" EditUomType="0" MField="0" FieldLiveLink="0" FormulaFlag="0" UseInTot="0" UseInRes="0" ResultDispSeq="0" ReadOnly="1" LocFlag="0" NoAutoPop="0" GenOnCrt="0" FullPath="0" DepListFlag="0" BaseCurField="0" RefResultDispSeq="0" MFieldSeq="0" Size="-1.0" DateDefNum="0" StageField="0"><Name><![CDATA[triFormNameSY]]></Name><Description><![CDATA[For Branching of Work Flows (used in start condition) in BO's having multiple GUI's.]]></Description><Purpose><![CDATA[For Branching of Work Flows in BO's having multiple GUI's.]]></Purpose><Type><![CDATA[System Read Only]]></Type><Label><![CDATA[Form Name]]></Label><DVal /><Validation /><Required><![CDATA[N]]></Required><FormulaType><![CDATA[R]]></FormulaType><UomTypeName /><Uom /><RollUpType /><LTab><![CDATA[General]]></LTab><LSec><![CDATA[General]]></LSec><SubType><![CDATA[GUI Name]]></SubType><Association /><Format /><RollUpSource /></Field><Field UomType="-1" HierClsType="9" EditUomType="0" MField="0" FieldLiveLink="0" FormulaFlag="0" UseInTot="0" UseInRes="0" ResultDispSeq="0" ReadOnly="1" LocFlag="0" NoAutoPop="0" GenOnCrt="0" FullPath="0" DepListFlag="0" BaseCurField="0" RefResultDispSeq="0" MFieldSeq="0" Size="0.0" DateDefNum="0" StageField="0"><Name><![CDATA[triFormLabelSY]]></Name><Description><![CDATA[Form Label]]></Description><Purpose /><Type><![CDATA[System Read Only]]></Type><Label><![CDATA[Record Form]]></Label><DVal /><Validation /><Required><![CDATA[N]]></Required><FormulaType><![CDATA[R]]></FormulaType><UomTypeName /><Uom /><RollUpType /><LTab><![CDATA[General]]></LTab><LSec><![CDATA[General]]></LSec><SubType><![CDATA[GUI Label]]></SubType><Association /><Format /><RollUpSource /></Field><Field UomType="-1" HierClsType="9" EditUomType="0" MField="0" FieldLiveLink="0" FormulaFlag="0" UseInTot="0" UseInRes="0" ResultDispSeq="0" ReadOnly="1" LocFlag="0" NoAutoPop="0" GenOnCrt="0" FullPath="0" DepListFlag="0" BaseCurField="0" RefResultDispSeq="0" MFieldSeq="0" Size="0.0" DateDefNum="0" StageField="0"><Name><![CDATA[triFormIdSY]]></Name><Description><![CDATA[Record Form]]></Description><Purpose /><Type><![CDATA[System Read Only]]></Type><Label><![CDATA[System Form ID]]></Label><DVal /><Validation /><Required><![CDATA[N]]></Required><FormulaType><![CDATA[R]]></FormulaType><UomTypeName /><Uom /><RollUpType /><LTab><![CDATA[General]]></LTab><LSec><![CDATA[General]]></LSec><SubType><![CDATA[GUI Id]]></SubType><Association /><Format /><RollUpSource /></Field><Field UomType="-1" HierClsType="9" EditUomType="0" MField="0" FieldLiveLink="0" FormulaFlag="0" UseInTot="0" UseInRes="0" ResultDispSeq="0" ReadOnly="1" LocFlag="0" NoAutoPop="0" GenOnCrt="0" FullPath="0" DepListFlag="0" BaseCurField="0" RefResultDispSeq="0" MFieldSeq="0" Size="-1.0" DateDefNum="0" StageField="0"><Name><![CDATA[triBusinessObjectNameSY]]></Name><Description /><Purpose /><Type><![CDATA[System Read Only]]></Type><Label><![CDATA[Business Object Name]]></Label><DVal /><Validation /><Required><![CDATA[N]]></Required><FormulaType><![CDATA[R]]></FormulaType><UomTypeName /><Uom /><RollUpType /><LTab><![CDATA[General]]></LTab><LSec><![CDATA[General]]></LSec><SubType><![CDATA[BO Type Name]]></SubType><Association /><Format /><RollUpSource /></Field><Field UomType="-1" HierClsType="9" EditUomType="0" MField="0" FieldLiveLink="0" FormulaFlag="0" UseInTot="0" UseInRes="0" ResultDispSeq="0" ReadOnly="1" LocFlag="0" NoAutoPop="0" GenOnCrt="0" FullPath="0" DepListFlag="0" BaseCurField="0" RefResultDispSeq="0" MFieldSeq="0" Size="0.0" DateDefNum="0" StageField="0"><Name><![CDATA[triBusinessObjectLabelSY]]></Name><Description><![CDATA[Business Object Label]]></Description><Purpose /><Type><![CDATA[System Read Only]]></Type><Label><![CDATA[Business Object Label]]></Label><DVal /><Validation /><Required><![CDATA[N]]></Required><FormulaType><![CDATA[R]]></FormulaType><UomTypeName /><Uom /><RollUpType /><LTab><![CDATA[General]]></LTab><LSec><![CDATA[General]]></LSec><SubType><![CDATA[BO Label]]></SubType><Association /><Format /><RollUpSource /></Field><Field UomType="-1" HierClsType="0" EditUomType="0" MField="0" FieldLiveLink="0" FormulaFlag="0" UseInTot="0" UseInRes="0" ResultDispSeq="0" ReadOnly="1" LocFlag="0" NoAutoPop="0" GenOnCrt="0" FullPath="0" DepListFlag="0" BaseCurField="0" RefResultDispSeq="0" MFieldSeq="0" Size="-1.0" DateDefNum="0" StageField="0"><Name><![CDATA[triBusinessObjectIdSY]]></Name><Description><![CDATA[System Business Object ID]]></Description><Purpose /><Type><![CDATA[System Read Only]]></Type><Label><![CDATA[System Business Object ID]]></Label><DVal /><Validation /><Required><![CDATA[N]]></Required><FormulaType><![CDATA[R]]></FormulaType><UomTypeName /><Uom /><RollUpType /><LTab><![CDATA[General]]></LTab><LSec><![CDATA[General]]></LSec><SubType><![CDATA[BO Type Id]]></SubType><Association /><Format /><RollUpSource /></Field><Field UomType="-1" HierClsType="9" EditUomType="0" MField="0" FieldLiveLink="0" FormulaFlag="0" UseInTot="0" UseInRes="0" ResultDispSeq="0" ReadOnly="1" LocFlag="0" NoAutoPop="0" GenOnCrt="0" FullPath="0" DepListFlag="0" BaseCurField="0" RefResultDispSeq="0" MFieldSeq="0" Size="0.0" DateDefNum="0" StageField="0"><Name><![CDATA[triRecordStateSY]]></Name><Description><![CDATA[Record State]]></Description><Purpose /><Type><![CDATA[System Read Only]]></Type><Label><![CDATA[Record State]]></Label><DVal /><Validation /><Required><![CDATA[N]]></Required><FormulaType><![CDATA[R]]></FormulaType><UomTypeName /><Uom /><RollUpType /><LTab><![CDATA[General]]></LTab><LSec><![CDATA[General]]></LSec><SubType><![CDATA[Object State]]></SubType><Association /><Format /><RollUpSource /></Field><Field UomType="-1" HierClsType="0" EditUomType="0" MField="0" FieldLiveLink="0" FormulaFlag="0" UseInTot="0" UseInRes="0" ResultDispSeq="0" ReadOnly="0" LocFlag="0" NoAutoPop="1" GenOnCrt="0" FullPath="0" DepListFlag="0" BaseCurField="0" RefResultDispSeq="0" MFieldSeq="0" Size="150.0" DateDefNum="0" StageField="0"><Name><![CDATA[triIdTX]]></Name><Description><![CDATA[ID]]></Description><Purpose /><Type><![CDATA[Text]]></Type><Label><![CDATA[ID]]></Label><DVal /><Validation /><Required><![CDATA[N]]></Required><FormulaType><![CDATA[R]]></FormulaType><UomTypeName /><Uom /><RollUpType /><LTab><![CDATA[General]]></LTab><LSec><![CDATA[General]]></LSec><SubType /><Association /><Format /><RollUpSource /></Field><Field UomType="-1" HierClsType="9" EditUomType="0" MField="0" FieldLiveLink="0" FormulaFlag="0" UseInTot="0" UseInRes="0" ResultDispSeq="0" ReadOnly="1" LocFlag="0" NoAutoPop="1" GenOnCrt="1" FullPath="0" DepListFlag="0" BaseCurField="0" RefResultDispSeq="0" MFieldSeq="0" Size="0.0" DateDefNum="0" StageField="0"><Name><![CDATA[triControlNumberCN]]></Name><Description><![CDATA[Control Number are always read only.]]></Description><Purpose /><Type><![CDATA[Control Number]]></Type><Label><![CDATA[Control Number]]></Label><DVal /><Validation /><Required><![CDATA[N]]></Required><FormulaType><![CDATA[R]]></FormulaType><UomTypeName /><Uom /><RollUpType /><LTab><![CDATA[General]]></LTab><LSec><![CDATA[General]]></LSec><SubType /><Association /><Format /><RollUpSource /></Field><Field UomType="-1" HierClsType="0" EditUomType="0" MField="0" FieldLiveLink="0" FormulaFlag="0" UseInTot="0" UseInRes="0" ResultDispSeq="0" ReadOnly="0" LocFlag="0" NoAutoPop="1" GenOnCrt="0" FullPath="0" DepListFlag="0" BaseCurField="0" RefResultDispSeq="0" MFieldSeq="0" Size="300.0" DateDefNum="0" StageField="0"><Name><![CDATA[triModuleNameTX]]></Name><Description /><Purpose /><Type><![CDATA[Text]]></Type><Label><![CDATA[Module Name]]></Label><DVal /><Validation /><Required><![CDATA[N]]></Required><FormulaType><![CDATA[R]]></FormulaType><UomTypeName /><Uom /><RollUpType /><LTab><![CDATA[General]]></LTab><LSec><![CDATA[General]]></LSec><SubType /><Association /><Format /><RollUpSource /></Field><Field UomType="-1" HierClsType="0" EditUomType="0" MField="0" FieldLiveLink="0" FormulaFlag="0" UseInTot="0" UseInRes="0" ResultDispSeq="0" ReadOnly="0" LocFlag="0" NoAutoPop="1" GenOnCrt="0" FullPath="0" DepListFlag="0" BaseCurField="0" RefResultDispSeq="0" MFieldSeq="0" Size="500.0" DateDefNum="0" StageField="0"><Name><![CDATA[triBONameTX]]></Name><Description /><Purpose /><Type><![CDATA[Text]]></Type><Label><![CDATA[BO Name]]></Label><DVal /><Validation /><Required><![CDATA[N]]></Required><FormulaType><![CDATA[R]]></FormulaType><UomTypeName /><Uom /><RollUpType /><LTab><![CDATA[General]]></LTab><LSec><![CDATA[General]]></LSec><SubType /><Association /><Format /><RollUpSource /></Field><Field UomType="-1" HierClsType="0" EditUomType="0" MField="0" FieldLiveLink="0" FormulaFlag="0" UseInTot="0" UseInRes="0" ResultDispSeq="0" ReadOnly="0" LocFlag="0" NoAutoPop="1" GenOnCrt="0" FullPath="0" DepListFlag="0" BaseCurField="0" RefResultDispSeq="0" MFieldSeq="0" Size="1000.0" DateDefNum="0" StageField="1"><Name><![CDATA[triNameTX]]></Name><Description /><Purpose /><Type><![CDATA[Text]]></Type><Label><![CDATA[Name]]></Label><DVal /><Validation /><Required><![CDATA[Y]]></Required><FormulaType><![CDATA[R]]></FormulaType><UomTypeName /><Uom /><RollUpType /><LTab><![CDATA[General]]></LTab><LSec><![CDATA[General]]></LSec><SubType /><Association /><Format /><RollUpSource /></Field><Field UomType="-1" HierClsType="0" EditUomType="0" MField="0" FieldLiveLink="0" FormulaFlag="0" UseInTot="0" UseInRes="0" ResultDispSeq="0" ReadOnly="0" LocFlag="0" NoAutoPop="1" GenOnCrt="0" FullPath="0" DepListFlag="0" BaseCurField="0" RefResultDispSeq="0" MFieldSeq="0" Size="1000.0" DateDefNum="0" StageField="0"><Name><![CDATA[devEventTX]]></Name><Description><![CDATA[Workflow trigger]]></Description><Purpose /><Type><![CDATA[Text]]></Type><Label><![CDATA[Trigger Event]]></Label><DVal /><Validation /><Required><![CDATA[N]]></Required><FormulaType><![CDATA[R]]></FormulaType><UomTypeName /><Uom /><RollUpType /><LTab><![CDATA[General]]></LTab><LSec><![CDATA[General]]></LSec><SubType /><Association /><Format /><RollUpSource /></Field><Field UomType="-1" HierClsType="0" EditUomType="0" MField="0" FieldLiveLink="0" FormulaFlag="0" UseInTot="0" UseInRes="0" ResultDispSeq="0" ReadOnly="0" LocFlag="0" NoAutoPop="1" GenOnCrt="0" FullPath="0" DepListFlag="0" BaseCurField="0" RefResultDispSeq="0" MFieldSeq="0" Size="-1.0" DateDefNum="0" StageField="0"><Name><![CDATA[devFirstTimeDT]]></Name><Description><![CDATA[First workflow execution date/time.]]></Description><Purpose /><Type><![CDATA[Date and Time]]></Type><Label><![CDATA[First Execution]]></Label><DVal /><Validation /><Required><![CDATA[N]]></Required><FormulaType><![CDATA[R]]></FormulaType><UomTypeName /><Uom /><RollUpType /><LTab><![CDATA[General]]></LTab><LSec><![CDATA[General]]></LSec><SubType /><Association /><Format /><RollUpSource /></Field><Field UomType="-1" HierClsType="0" EditUomType="0" MField="0" FieldLiveLink="0" FormulaFlag="0" UseInTot="0" UseInRes="0" ResultDispSeq="0" ReadOnly="0" LocFlag="0" NoAutoPop="1" GenOnCrt="0" FullPath="0" DepListFlag="0" BaseCurField="0" RefResultDispSeq="0" MFieldSeq="0" Size="-1.0" DateDefNum="0" StageField="0"><Name><![CDATA[devLastTimeDT]]></Name><Description><![CDATA[Last workflow execution date/time.]]></Description><Purpose /><Type><![CDATA[Date and Time]]></Type><Label><![CDATA[Last Execution]]></Label><DVal /><Validation /><Required><![CDATA[N]]></Required><FormulaType><![CDATA[R]]></FormulaType><UomTypeName /><Uom /><RollUpType /><LTab><![CDATA[General]]></LTab><LSec><![CDATA[General]]></LSec><SubType /><Association /><Format /><RollUpSource /></Field><Field UomType="-1" HierClsType="0" EditUomType="0" MField="0" FieldLiveLink="0" FormulaFlag="0" UseInTot="0" UseInRes="0" ResultDispSeq="0" ReadOnly="0" LocFlag="0" NoAutoPop="1" GenOnCrt="0" FullPath="0" DepListFlag="0" BaseCurField="0" RefResultDispSeq="0" MFieldSeq="0" Size="-1.0" DateDefNum="0" StageField="0"><Name><![CDATA[devMinimumDU]]></Name><Description><![CDATA[Minimum workflow execution duration.]]></Description><Purpose /><Type><![CDATA[Duration]]></Type><Label><![CDATA[Minimum Execution Time]]></Label><DVal><![CDATA[0]]></DVal><Validation /><Required><![CDATA[N]]></Required><FormulaType><![CDATA[R]]></FormulaType><UomTypeName /><Uom /><RollUpType /><LTab><![CDATA[General]]></LTab><LSec><![CDATA[General]]></LSec><SubType /><Association /><Format /><RollUpSource /></Field><Field UomType="-1" HierClsType="0" EditUomType="0" MField="0" FieldLiveLink="0" FormulaFlag="0" UseInTot="0" UseInRes="0" ResultDispSeq="0" ReadOnly="0" LocFlag="0" NoAutoPop="1" GenOnCrt="0" FullPath="0" DepListFlag="0" BaseCurField="0" RefResultDispSeq="0" MFieldSeq="0" Size="-1.0" DateDefNum="0" StageField="0"><Name><![CDATA[devMaximumDU]]></Name><Description><![CDATA[Maximum workflow execution duration.]]></Description><Purpose /><Type><![CDATA[Duration]]></Type><Label><![CDATA[Maximum Execution Time]]></Label><DVal><![CDATA[0]]></DVal><Validation /><Required><![CDATA[N]]></Required><FormulaType><![CDATA[R]]></FormulaType><UomTypeName /><Uom /><RollUpType /><LTab><![CDATA[General]]></LTab><LSec><![CDATA[General]]></LSec><SubType /><Association /><Format /><RollUpSource /></Field><Field UomType="-1" HierClsType="0" EditUomType="0" MField="0" FieldLiveLink="0" FormulaFlag="0" UseInTot="0" UseInRes="0" ResultDispSeq="0" ReadOnly="0" LocFlag="0" NoAutoPop="1" GenOnCrt="0" FullPath="0" DepListFlag="0" BaseCurField="0" RefResultDispSeq="0" MFieldSeq="0" Size="-1.0" DateDefNum="0" StageField="0"><Name><![CDATA[devTotalExecutionDU]]></Name><Description><![CDATA[Total time spent executing this workflow.]]></Description><Purpose /><Type><![CDATA[Duration]]></Type><Label><![CDATA[Total Execution Time]]></Label><DVal><![CDATA[0]]></DVal><Validation /><Required><![CDATA[N]]></Required><FormulaType><![CDATA[R]]></FormulaType><UomTypeName /><Uom /><RollUpType /><LTab><![CDATA[General]]></LTab><LSec><![CDATA[General]]></LSec><SubType /><Association /><Format /><RollUpSource /></Field><Field UomType="-1" HierClsType="0" EditUomType="0" MField="0" FieldLiveLink="0" FormulaFlag="0" UseInTot="0" UseInRes="0" ResultDispSeq="0" ReadOnly="0" LocFlag="0" NoAutoPop="1" GenOnCrt="0" FullPath="0" DepListFlag="0" BaseCurField="0" RefResultDispSeq="0" MFieldSeq="0" Size="4.0" DateDefNum="0" StageField="0"><Name><![CDATA[devExecutionCountNU]]></Name><Description><![CDATA[Number of times this workflow was executed.]]></Description><Purpose /><Type><![CDATA[Number]]></Type><Label><![CDATA[Execution Count]]></Label><DVal /><Validation><![CDATA[valNumeric]]></Validation><Required><![CDATA[N]]></Required><FormulaType><![CDATA[R]]></FormulaType><UomTypeName /><Uom /><RollUpType /><LTab><![CDATA[General]]></LTab><LSec><![CDATA[General]]></LSec><SubType /><Association /><Format /><RollUpSource /></Field><Field UomType="-1" HierClsType="0" EditUomType="0" MField="0" FieldLiveLink="0" FormulaFlag="1" UseInTot="0" UseInRes="0" ResultDispSeq="0" ReadOnly="1" LocFlag="0" NoAutoPop="1" GenOnCrt="0" FullPath="0" DepListFlag="0" BaseCurField="0" RefResultDispSeq="0" MFieldSeq="0" Size="-1.0" DateDefNum="0" StageField="0"><Name><![CDATA[devAverageDU]]></Name><Description><![CDATA[Average time of execution for this workflow.]]></Description><Purpose /><Type><![CDATA[Duration]]></Type><Label><![CDATA[Average Execution Time]]></Label><DVal><![CDATA[0]]></DVal><Validation /><Required><![CDATA[N]]></Required><FormulaType><![CDATA[E]]></FormulaType><UomTypeName /><Uom /><RollUpType /><LTab><![CDATA[General]]></LTab><LSec><![CDATA[General]]></LSec><SubType /><Association /><Format /><RollUpSource /><EFormula><EFormulaExpr><![CDATA[totalTime / executionCount]]></EFormulaExpr><EParams><EParam><EParamId><![CDATA[1]]></EParamId><EParamType><![CDATA[I]]></EParamType><EParamName><![CDATA[totalTime]]></EParamName><EParamData><![CDATA[[FIELD][{SECTION}{General}{devTotalExecutionDU}]]]></EParamData><EParamQryFld><![CDATA[F]]></EParamQryFld><EParamDisplay><![CDATA[General:devTotalExecutionDU]]></EParamDisplay></EParam><EParam><EParamId><![CDATA[2]]></EParamId><EParamType><![CDATA[I]]></EParamType><EParamName><![CDATA[executionCount]]></EParamName><EParamData><![CDATA[[FIELD][{SECTION}{General}{devExecutionCountNU}]]]></EParamData><EParamQryFld><![CDATA[F]]></EParamQryFld><EParamDisplay><![CDATA[General:devExecutionCountNU]]></EParamDisplay></EParam><EParam><EParamId><![CDATA[3]]></EParamId><EParamType><![CDATA[O]]></EParamType><EParamName /><EParamData /><EParamQryFld /><EParamDisplay><![CDATA[General:Average Execution Time]]></EParamDisplay></EParam></EParams></EFormula></Field></Fields></Section></Sections><StateTransitions><StateTransition CloseScr="0" Display="1" ReadOnly="0" Seq="0" StateSeq="0"><State><![CDATA[null]]></State><Action><![CDATA[triCreate]]></Action><NState><![CDATA[triActive]]></NState><ActLabel><![CDATA[Create]]></ActLabel><EJB /><Method /><SubLabels><SubLabel SLSeq="0" SLAuditAct="0"><SLName><![CDATA[Create]]></SLName><SLWF><![CDATA[devUtil - Any - Module Level Business Rules]]></SLWF><SLWFBO /><SLWFMod><![CDATA[devUtil]]></SLWFMod></SubLabel></SubLabels></StateTransition><StateTransition CloseScr="1" Display="1" ReadOnly="1" Seq="1" StateSeq="0"><State><![CDATA[triActive]]></State><Action><![CDATA[triDelete]]></Action><NState><![CDATA[null]]></NState><ActLabel><![CDATA[Delete]]></ActLabel><EJB /><Method /></StateTransition></StateTransitions><Mappings CntrlNumPref="0" CntrlNumStart="1000000"><CntrlNumDelim><![CDATA[-]]></CntrlNumDelim><NameMap><Map MapType="1" MapFieldSystemFlag="0"><MapField><![CDATA[triIdTX]]></MapField><MapFieldSec><![CDATA[General]]></MapFieldSec><MapFieldLbl><![CDATA[ID]]></MapFieldLbl></Map></NameMap><ImageMap><Map MapType="0"><MapField><![CDATA[Image]]></MapField><MapFieldSec /><MapFieldLbl><![CDATA[Image]]></MapFieldLbl></Map></ImageMap><PrefixMap><Map MapType="0"><MapField><![CDATA[WFMETRIC]]></MapField><MapFieldSec /><MapFieldLbl><![CDATA[WFMETRIC]]></MapFieldLbl></Map></PrefixMap></Mappings></BO>
