<?xml version="1.0" encoding="UTF-8"?>
<GUI><GUIHeader AssocTab="0" Sched="0" Type="0" Audit="0" AuditAction="0" Approval="0" SingTab="1" WFTab="0" PrintTab="0" Default="1" ExcelCal="0"><Module><![CDATA[devUtil]]></Module><BoName><![CDATA[devWorkflowMetrics]]></BoName><Name><![CDATA[devWorkflowMetrics]]></Name><Label><![CDATA[Workflow Metrics]]></Label></GUIHeader><Tabs><Tab TId="1" Seq="1" Visible="1" Custom="0"><TName><![CDATA[triGeneral]]></TName><TLabel><![CDATA[General]]></TLabel><THeader /><TComment /><TURL /><AccessKey /><TStyle /><Sections><Section SId="1" Type="0" Seq="0" SRow="1" SCol="1" RSpan="1" CSpan="12" Visible="1" ROnly="1" ShowEmbeddedLink="0" ParentSecId="-1" ShowHdr="1" BorderSize="0" Height="0" Input="0" ShowAdd="0" FinRep="0" SingleSelect="0" RefreshTime="0" FixedColCnt="0"><Name><![CDATA[triGeneral]]></Name><Label><![CDATA[General]]></Label><Association /><SelectAssociation /><DDSecName /><BGround /><TitleColor /><BorderColor /><SStyle /><Fields><Field FId="1" SRow="1" RSpan="1" SCol="1" CSpan="1" NoLabel="0" Size="-1" ROnly="0" Border="1" Visible="1" ShowUom="0" GroupSeq="0" Width="0" TabOrder="0" MinSize="0" MaxSize="0" FldPos="0" DAlign="0" UIType="-1" AtrSeq="1012" IconPos="0"><Name><![CDATA[triModuleNameTX]]></Name><Type><![CDATA[Text]]></Type><Label><![CDATA[Module]]></Label><Required><![CDATA[N]]></Required><DDFieldName><![CDATA[triModuleNameTX]]></DDFieldName><DDFldSecName><![CDATA[General]]></DDFldSecName><LFont><![CDATA[Trebuchet]]></LFont><LColor><![CDATA[#000000]]></LColor><LSize><![CDATA[10]]></LSize><LWeight><![CDATA[bold]]></LWeight><SubType /><Format /><LabStyle /><DataStyle><![CDATA[dataStyleClass1]]></DataStyle><Prefix /><FldColor /></Field><Field FId="2" SRow="1" RSpan="1" SCol="2" CSpan="1" NoLabel="0" Size="-1" ROnly="0" Border="1" Visible="1" ShowUom="0" GroupSeq="0" Width="0" TabOrder="0" MinSize="0" MaxSize="0" FldPos="0" DAlign="0" UIType="-1" AtrSeq="1013" IconPos="0"><Name><![CDATA[triBONameTX]]></Name><Type><![CDATA[Text]]></Type><Label><![CDATA[Business Object]]></Label><Required><![CDATA[N]]></Required><DDFieldName><![CDATA[triBONameTX]]></DDFieldName><DDFldSecName><![CDATA[General]]></DDFldSecName><LFont><![CDATA[Trebuchet]]></LFont><LColor><![CDATA[#000000]]></LColor><LSize><![CDATA[10]]></LSize><LWeight><![CDATA[bold]]></LWeight><SubType /><Format /><LabStyle /><DataStyle><![CDATA[dataStyleClass1]]></DataStyle><Prefix /><FldColor /></Field><Field FId="3" SRow="5" RSpan="1" SCol="1" CSpan="2" NoLabel="0" Size="-1" ROnly="0" Border="1" Visible="1" ShowUom="0" GroupSeq="0" Width="0" TabOrder="0" MinSize="0" MaxSize="0" FldPos="0" DAlign="0" UIType="-1" AtrSeq="1014" IconPos="0"><Name><![CDATA[triNameTX]]></Name><Type><![CDATA[Text]]></Type><Label><![CDATA[Workflow]]></Label><Required><![CDATA[Y]]></Required><DDFieldName><![CDATA[triNameTX]]></DDFieldName><DDFldSecName><![CDATA[General]]></DDFldSecName><LFont><![CDATA[Trebuchet]]></LFont><LColor><![CDATA[#000000]]></LColor><LSize><![CDATA[10]]></LSize><LWeight><![CDATA[bold]]></LWeight><SubType /><Format /><LabStyle /><DataStyle><![CDATA[dataStyleClass1]]></DataStyle><Prefix /><FldColor /></Field><Field FId="4" SRow="10" RSpan="1" SCol="1" CSpan="1" NoLabel="0" Size="-1" ROnly="0" Border="1" Visible="1" ShowUom="0" GroupSeq="0" Width="0" TabOrder="0" MinSize="0" MaxSize="0" FldPos="0" DAlign="0" UIType="-1" AtrSeq="1015" IconPos="0"><Name><![CDATA[devEventTX]]></Name><Type><![CDATA[Text]]></Type><Label><![CDATA[Trigger Event]]></Label><Required><![CDATA[N]]></Required><DDFieldName><![CDATA[devEventTX]]></DDFieldName><DDFldSecName><![CDATA[General]]></DDFldSecName><LFont><![CDATA[Trebuchet]]></LFont><LColor><![CDATA[#000000]]></LColor><LSize><![CDATA[10]]></LSize><LWeight><![CDATA[bold]]></LWeight><SubType /><Format /><LabStyle /><DataStyle><![CDATA[dataStyleClass1]]></DataStyle><Prefix /><FldColor /></Field><Field FId="6" SRow="15" RSpan="1" SCol="1" CSpan="1" NoLabel="0" Size="-1" ROnly="0" Border="1" Visible="1" ShowUom="0" GroupSeq="0" Width="0" TabOrder="0" MinSize="0" MaxSize="0" FldPos="0" DAlign="0" UIType="-1" AtrSeq="1017" IconPos="0"><Name><![CDATA[devFirstTimeDT]]></Name><Type><![CDATA[Date and Time]]></Type><Label><![CDATA[First Execution]]></Label><Required><![CDATA[N]]></Required><DDFieldName><![CDATA[devFirstTimeDT]]></DDFieldName><DDFldSecName><![CDATA[General]]></DDFldSecName><LFont><![CDATA[Trebuchet]]></LFont><LColor><![CDATA[#000000]]></LColor><LSize><![CDATA[10]]></LSize><LWeight><![CDATA[bold]]></LWeight><SubType /><Format /><LabStyle /><DataStyle><![CDATA[dataStyleClass1]]></DataStyle><Prefix /><FldColor /></Field><Field FId="7" SRow="15" RSpan="1" SCol="2" CSpan="1" NoLabel="0" Size="-1" ROnly="0" Border="1" Visible="1" ShowUom="0" GroupSeq="0" Width="0" TabOrder="0" MinSize="0" MaxSize="0" FldPos="0" DAlign="0" UIType="-1" AtrSeq="1018" IconPos="0"><Name><![CDATA[devLastTimeDT]]></Name><Type><![CDATA[Date and Time]]></Type><Label><![CDATA[Last Execution]]></Label><Required><![CDATA[N]]></Required><DDFieldName><![CDATA[devLastTimeDT]]></DDFieldName><DDFldSecName><![CDATA[General]]></DDFldSecName><LFont><![CDATA[Trebuchet]]></LFont><LColor><![CDATA[#000000]]></LColor><LSize><![CDATA[10]]></LSize><LWeight><![CDATA[bold]]></LWeight><SubType /><Format /><LabStyle /><DataStyle><![CDATA[dataStyleClass1]]></DataStyle><Prefix /><FldColor /></Field><Field FId="8" SRow="20" RSpan="1" SCol="1" CSpan="1" NoLabel="0" Size="-1" ROnly="0" Border="1" Visible="1" ShowUom="0" GroupSeq="0" Width="0" TabOrder="0" MinSize="0" MaxSize="0" FldPos="0" DAlign="0" UIType="-1" AtrSeq="1019" IconPos="0"><Name><![CDATA[devMinimumDU]]></Name><Type><![CDATA[Duration]]></Type><Label><![CDATA[Minimum Execution Time]]></Label><Required><![CDATA[N]]></Required><DDFieldName><![CDATA[devMinimumDU]]></DDFieldName><DDFldSecName><![CDATA[General]]></DDFldSecName><LFont><![CDATA[Trebuchet]]></LFont><LColor><![CDATA[#000000]]></LColor><LSize><![CDATA[10]]></LSize><LWeight><![CDATA[bold]]></LWeight><SubType /><Format /><LabStyle /><DataStyle><![CDATA[dataStyleClass1]]></DataStyle><Prefix /><FldColor /></Field><Field FId="9" SRow="20" RSpan="1" SCol="2" CSpan="1" NoLabel="0" Size="-1" ROnly="0" Border="1" Visible="1" ShowUom="0" GroupSeq="0" Width="0" TabOrder="0" MinSize="0" MaxSize="0" FldPos="0" DAlign="0" UIType="-1" AtrSeq="1020" IconPos="0"><Name><![CDATA[devMaximumDU]]></Name><Type><![CDATA[Duration]]></Type><Label><![CDATA[Maximum Execution Time]]></Label><Required><![CDATA[N]]></Required><DDFieldName><![CDATA[devMaximumDU]]></DDFieldName><DDFldSecName><![CDATA[General]]></DDFldSecName><LFont><![CDATA[Trebuchet]]></LFont><LColor><![CDATA[#000000]]></LColor><LSize><![CDATA[10]]></LSize><LWeight><![CDATA[bold]]></LWeight><SubType /><Format /><LabStyle /><DataStyle><![CDATA[dataStyleClass1]]></DataStyle><Prefix /><FldColor /></Field><Field FId="10" SRow="25" RSpan="1" SCol="1" CSpan="1" NoLabel="0" Size="-1" ROnly="0" Border="1" Visible="1" ShowUom="0" GroupSeq="0" Width="0" TabOrder="0" MinSize="0" MaxSize="0" FldPos="0" DAlign="0" UIType="-1" AtrSeq="1021" IconPos="0"><Name><![CDATA[devTotalExecutionDU]]></Name><Type><![CDATA[Duration]]></Type><Label><![CDATA[Total Execution Time]]></Label><Required><![CDATA[N]]></Required><DDFieldName><![CDATA[devTotalExecutionDU]]></DDFieldName><DDFldSecName><![CDATA[General]]></DDFldSecName><LFont><![CDATA[Trebuchet]]></LFont><LColor><![CDATA[#000000]]></LColor><LSize><![CDATA[10]]></LSize><LWeight><![CDATA[bold]]></LWeight><SubType /><Format /><LabStyle /><DataStyle><![CDATA[dataStyleClass1]]></DataStyle><Prefix /><FldColor /></Field><Field FId="11" SRow="25" RSpan="1" SCol="2" CSpan="1" NoLabel="0" Size="4" ROnly="0" Border="1" Visible="1" ShowUom="0" GroupSeq="0" Width="0" TabOrder="0" MinSize="0" MaxSize="0" FldPos="0" DAlign="0" UIType="-1" AtrSeq="1022" IconPos="0"><Name><![CDATA[devExecutionCountNU]]></Name><Type><![CDATA[Number]]></Type><Label><![CDATA[Execution Count]]></Label><Required><![CDATA[N]]></Required><DDFieldName><![CDATA[devExecutionCountNU]]></DDFieldName><DDFldSecName><![CDATA[General]]></DDFldSecName><LFont><![CDATA[Trebuchet]]></LFont><LColor><![CDATA[#000000]]></LColor><LSize><![CDATA[10]]></LSize><LWeight><![CDATA[bold]]></LWeight><SubType /><Format /><LabStyle /><DataStyle><![CDATA[dataStyleClass1]]></DataStyle><Prefix /><FldColor /></Field><Field FId="12" SRow="30" RSpan="1" SCol="1" CSpan="1" NoLabel="0" Size="-1" ROnly="1" Border="1" Visible="1" ShowUom="0" GroupSeq="0" Width="0" TabOrder="0" MinSize="0" MaxSize="0" FldPos="0" DAlign="0" UIType="-1" AtrSeq="1023" IconPos="0"><Name><![CDATA[devAverageDU]]></Name><Type><![CDATA[Duration]]></Type><Label><![CDATA[Average Execution Time]]></Label><Required><![CDATA[N]]></Required><DDFieldName><![CDATA[devAverageDU]]></DDFieldName><DDFldSecName><![CDATA[General]]></DDFldSecName><LFont><![CDATA[Trebuchet]]></LFont><LColor><![CDATA[#000000]]></LColor><LSize><![CDATA[10]]></LSize><LWeight><![CDATA[bold]]></LWeight><SubType /><Format /><LabStyle /><DataStyle><![CDATA[dataStyleClass1]]></DataStyle><Prefix /><FldColor /></Field></Fields></Section></Sections></Tab></Tabs><StateTransitions><StateTransition CloseScr="0" Display="1" ReadOnly="0" Seq="0" StateSeq="1" NStateSeq="2" TabId="-1"><State><![CDATA[null]]></State><Action><![CDATA[triCreate]]></Action><NState><![CDATA[triActive]]></NState><ActLabel><![CDATA[Create]]></ActLabel><AccessKey /></StateTransition><StateTransition CloseScr="1" Display="0" ReadOnly="1" Seq="1" StateSeq="2" NStateSeq="1" TabId="-1"><State><![CDATA[triActive]]></State><Action><![CDATA[triDelete]]></Action><NState><![CDATA[null]]></NState><ActLabel><![CDATA[Delete]]></ActLabel><AccessKey /></StateTransition></StateTransitions></GUI>
