<?xml version="1.0" encoding="UTF-8"?>
<GUI><GUIHeader AssocTab="1" Sched="0" Type="0" Audit="0" AuditAction="0" Approval="0" SingTab="0" WFTab="1" PrintTab="0" Default="1" ExcelCal="0"><Module><![CDATA[devUtil]]></Module><BoName><![CDATA[devWorkflowPerformance]]></BoName><Name><![CDATA[devWorkflowPerformance]]></Name><Label><![CDATA[Workflow Performance]]></Label></GUIHeader><Tabs><Tab TId="1" Seq="1" Visible="1" Custom="0"><TName><![CDATA[triGeneral]]></TName><TLabel><![CDATA[General]]></TLabel><THeader /><TComment /><TURL /><AccessKey /><TStyle /><Sections><Section SId="1" Type="0" Seq="0" SRow="1" SCol="1" RSpan="1" CSpan="12" Visible="1" ROnly="0" ShowEmbeddedLink="0" ParentSecId="-1" ShowHdr="1" BorderSize="0" Height="0" Input="0" ShowAdd="0" FinRep="0" SingleSelect="0" RefreshTime="0" FixedColCnt="0"><Name><![CDATA[triGeneral]]></Name><Label><![CDATA[General]]></Label><Association /><SelectAssociation /><DDSecName /><BGround /><TitleColor /><BorderColor /><SStyle /><Fields><Field FId="3" SRow="1" RSpan="1" SCol="1" CSpan="1" NoLabel="0" Size="-1" ROnly="1" Border="0" Visible="1" ShowUom="0" GroupSeq="0" Width="0" TabOrder="0" MinSize="0" MaxSize="0" FldPos="0" DAlign="0" UIType="-1" AtrSeq="1010" IconPos="0"><Name><![CDATA[triIdTX]]></Name><Type><![CDATA[Text]]></Type><Label><![CDATA[ID]]></Label><Required><![CDATA[N]]></Required><DDFieldName><![CDATA[triIdTX]]></DDFieldName><DDFldSecName><![CDATA[General]]></DDFldSecName><LFont><![CDATA[Trebuchet]]></LFont><LColor><![CDATA[#000000]]></LColor><LSize><![CDATA[10]]></LSize><LWeight><![CDATA[bold]]></LWeight><SubType /><Format /><LabStyle /><DataStyle><![CDATA[dataStyleClass1]]></DataStyle><Prefix /><FldColor /></Field><Field FId="4" SRow="1" RSpan="1" SCol="2" CSpan="1" NoLabel="0" Size="-1" ROnly="1" Border="0" Visible="1" ShowUom="0" GroupSeq="0" Width="0" TabOrder="0" MinSize="0" MaxSize="0" FldPos="0" DAlign="0" UIType="-1" AtrSeq="1025" IconPos="0"><Name><![CDATA[triCreatedSY]]></Name><Type><![CDATA[System Read Only]]></Type><Label><![CDATA[Created Date/Time]]></Label><Required><![CDATA[N]]></Required><DDFieldName><![CDATA[triCreatedSY]]></DDFieldName><DDFldSecName><![CDATA[General]]></DDFldSecName><LFont><![CDATA[Trebuchet]]></LFont><LColor><![CDATA[#000000]]></LColor><LSize><![CDATA[10]]></LSize><LWeight><![CDATA[bold]]></LWeight><SubType><![CDATA[Created DateTime]]></SubType><Format /><LabStyle /><DataStyle><![CDATA[dataStyleClass1]]></DataStyle><Prefix /><FldColor /></Field><Field FId="1" SRow="5" RSpan="1" SCol="1" CSpan="1" NoLabel="0" Size="-1" ROnly="0" Border="1" Visible="1" ShowUom="0" GroupSeq="0" Width="0" TabOrder="0" MinSize="0" MaxSize="0" FldPos="0" DAlign="0" UIType="-1" AtrSeq="1012" IconPos="0"><Name><![CDATA[triStartDT]]></Name><Type><![CDATA[Date and Time]]></Type><Label><![CDATA[Start Date/Time]]></Label><Required><![CDATA[N]]></Required><DDFieldName><![CDATA[triStartDT]]></DDFieldName><DDFldSecName><![CDATA[General]]></DDFldSecName><LFont><![CDATA[Trebuchet]]></LFont><LColor><![CDATA[#000000]]></LColor><LSize><![CDATA[10]]></LSize><LWeight><![CDATA[bold]]></LWeight><SubType /><Format /><LabStyle /><DataStyle><![CDATA[dataStyleClass1]]></DataStyle><Prefix /><FldColor /></Field><Field FId="2" SRow="5" RSpan="1" SCol="2" CSpan="1" NoLabel="0" Size="-1" ROnly="0" Border="1" Visible="1" ShowUom="0" GroupSeq="0" Width="0" TabOrder="0" MinSize="0" MaxSize="0" FldPos="0" DAlign="0" UIType="-1" AtrSeq="1013" IconPos="0"><Name><![CDATA[triEndDT]]></Name><Type><![CDATA[Date and Time]]></Type><Label><![CDATA[End Date/Time]]></Label><Required><![CDATA[N]]></Required><DDFieldName><![CDATA[triEndDT]]></DDFieldName><DDFldSecName><![CDATA[General]]></DDFldSecName><LFont><![CDATA[Trebuchet]]></LFont><LColor><![CDATA[#000000]]></LColor><LSize><![CDATA[10]]></LSize><LWeight><![CDATA[bold]]></LWeight><SubType /><Format /><LabStyle /><DataStyle><![CDATA[dataStyleClass1]]></DataStyle><Prefix /><FldColor /></Field></Fields></Section><Section SId="2" Type="10" Seq="0" SRow="2" SCol="1" RSpan="1" CSpan="12" Visible="1" ROnly="1" ShowEmbeddedLink="1" ParentSecId="-1" ShowHdr="1" BorderSize="0" Height="0" Input="0" ShowAdd="0" FinRep="0" SingleSelect="0" RefreshTime="0" FixedColCnt="0"><Name><![CDATA[devMetrics]]></Name><Label><![CDATA[Workflow Metrics]]></Label><Association /><SelectAssociation /><DDSecName /><BGround /><TitleColor /><BorderColor /><SStyle /></Section><Section SId="3" Type="7" Seq="0" SRow="3" SCol="1" RSpan="1" CSpan="12" Visible="1" ROnly="1" ShowEmbeddedLink="0" ParentSecId="2" ShowHdr="0" BorderSize="0" Height="20" Input="0" ShowAdd="0" FinRep="1" SingleSelect="0" RefreshTime="0" FixedColCnt="0"><Name><![CDATA[devMetricData]]></Name><Label><![CDATA[Performance Data]]></Label><Association /><SelectAssociation><![CDATA[sectionCustomAction]]></SelectAssociation><DDSecName /><BGround /><TitleColor /><BorderColor /><SStyle /><SecSrcName><![CDATA[devWorkflowMetrics - Associated to Workflow Performance Record - By Average Execution]]></SecSrcName><SecSrcBOName><![CDATA[devWorkflowMetrics]]></SecSrcBOName><SecSrcModName><![CDATA[devUtil]]></SecSrcModName><CActions><CAction Seq="1" SeqId="1" ActTypeId="1" ActType="1" Visible="0" Active="0" SingleSelect="0" PermAssoc="0" SaveOnPopup="0"><ActLabel><![CDATA[Find]]></ActLabel><TempAssociation /><AccessKey /><PopupName><![CDATA[/html/en/default/common/breakOutWithHeaders.jsp?winName=/WebProcess.srv?objectId=840000&actionId=750812]]></PopupName></CAction><CAction Seq="2" SeqId="2" ActTypeId="1" ActType="0" Visible="0" Active="0" SingleSelect="0" PermAssoc="0" SaveOnPopup="0"><ActLabel><![CDATA[DeAssociate]]></ActLabel><TempAssociation /><AccessKey /><PopupName><![CDATA[javascript:postHiddenForm('750000','750230','-1','-1', 0,'3')]]></PopupName></CAction></CActions></Section><Section SId="4" Type="7" Seq="1" SRow="4" SCol="1" RSpan="1" CSpan="12" Visible="1" ROnly="1" ShowEmbeddedLink="0" ParentSecId="2" ShowHdr="0" BorderSize="0" Height="20" Input="0" ShowAdd="0" FinRep="1" SingleSelect="0" RefreshTime="0" FixedColCnt="0"><Name><![CDATA[devMetricCharts]]></Name><Label><![CDATA[Charts]]></Label><Association /><SelectAssociation><![CDATA[sectionCustomAction]]></SelectAssociation><DDSecName /><BGround /><TitleColor /><BorderColor /><SStyle /><SecSrcName><![CDATA[devWorkflowMetrics - Associated to Workflow Performance Record - Average Time Chart]]></SecSrcName><SecSrcBOName><![CDATA[devWorkflowMetrics]]></SecSrcBOName><SecSrcModName><![CDATA[devUtil]]></SecSrcModName><CActions><CAction Seq="1" SeqId="1" ActTypeId="1" ActType="1" Visible="0" Active="0" SingleSelect="0" PermAssoc="0" SaveOnPopup="0"><ActLabel><![CDATA[Find]]></ActLabel><TempAssociation /><AccessKey /><PopupName><![CDATA[/html/en/default/common/breakOutWithHeaders.jsp?winName=/WebProcess.srv?objectId=840000&actionId=750812]]></PopupName></CAction><CAction Seq="2" SeqId="2" ActTypeId="1" ActType="0" Visible="0" Active="0" SingleSelect="0" PermAssoc="0" SaveOnPopup="0"><ActLabel><![CDATA[DeAssociate]]></ActLabel><TempAssociation /><AccessKey /><PopupName><![CDATA[javascript:postHiddenForm('750000','750230','-1','-1', 0,'4')]]></PopupName></CAction></CActions></Section></Sections></Tab></Tabs><StateTransitions><StateTransition CloseScr="0" Display="1" ReadOnly="0" Seq="0" StateSeq="0" NStateSeq="0" TabId="0"><State><![CDATA[null]]></State><Action><![CDATA[triCreate]]></Action><NState><![CDATA[triActive]]></NState><ActLabel><![CDATA[Create]]></ActLabel><AccessKey /></StateTransition><StateTransition CloseScr="1" Display="1" ReadOnly="1" Seq="1" StateSeq="0" NStateSeq="0" TabId="0"><State><![CDATA[triActive]]></State><Action><![CDATA[triDelete]]></Action><NState><![CDATA[null]]></NState><ActLabel><![CDATA[Delete]]></ActLabel><AccessKey /></StateTransition></StateTransitions></GUI>
