<?xml version="1.0" encoding="UTF-8"?>
<Manager><Header ByReport="0" ShowName="0" ShowCtrl="0" ShowCrtDate="0" ShowUpdDate="0" ShowImg="0" SysFlag="0" ByPortal="0" ShowMetricName="0" ShowResults="0" ShowStatus="0" ShowTarget="0"><Name><![CDATA[devWorkflowPerformance]]></Name><Label><![CDATA[Workflow Performance]]></Label><MngDefault /><DefGUI><![CDATA[devWorkflowPerformance]]></DefGUI><DefGUIModule><![CDATA[devUtil]]></DefGUIModule></Header><GUIs><GUI><GUIName><![CDATA[devWorkflowPerformance]]></GUIName><GUIModule><![CDATA[devUtil]]></GUIModule><QueryName><![CDATA[devWorkflowPerformance - Manager Query]]></QueryName><QueryBo><![CDATA[devWorkflowPerformance]]></QueryBo><QueryModule><![CDATA[devUtil]]></QueryModule><CActions><CAction Seq="0" ActType="2" PopupFlag="1"><ActName><![CDATA[System Edit]]></ActName><ActLabel><![CDATA[Edit]]></ActLabel><PermAssoc /></CAction><CAction Seq="0" ActType="1" PopupFlag="1"><ActName><![CDATA[System Add]]></ActName><ActLabel><![CDATA[Add]]></ActLabel><PermAssoc /></CAction><CAction Seq="0" ActType="3" PopupFlag="0"><ActName><![CDATA[System Delete]]></ActName><ActLabel><![CDATA[Delete]]></ActLabel><PermAssoc /></CAction></CActions></GUI></GUIs></Manager>
