<?xml version="1.0" encoding="UTF-8"?>
<Query><Header Scope="0" Type="0" RandomCnt="0" FixedColCnt="0" DScope="2" Editable="0" GraphType="-1" DisplayLegend="1"><Name><![CDATA[devWorkflowMetrics - Associated to Workflow Performance Record - By Type/Name]]></Name><Module><![CDATA[devUtil]]></Module><BO><![CDATA[devWorkflowMetrics]]></BO><Number><![CDATA[Section Query]]></Number><Description><![CDATA[Displays workflow metric records associated to the current workflow performance record.]]></Description><HeaderStr><![CDATA[Workflow Metrics By Type/Name]]></HeaderStr><PromptBeforeQuery><![CDATA[0]]></PromptBeforeQuery><XTitle /><YTitle /><AssocString><![CDATA[About]]></AssocString><RecState /><TabularOutput><![CDATA[0]]></TabularOutput><AssociatedField /><ScorecardTargetOption><![CDATA[0]]></ScorecardTargetOption></Header><Bos><BO><Name><![CDATA[devWorkflowMetrics]]></Name><Module><![CDATA[devUtil]]></Module></BO></Bos><Columns><Column Type="1" DType="320" FiltType="0" Seq="0"><SecName><![CDATA[General]]></SecName><SecondarySecName /><FldLabel><![CDATA[Module]]></FldLabel><FldName><![CDATA[triModuleNameTX]]></FldName><FiltVAl /><defaultFlag><![CDATA[0]]></defaultFlag></Column><Column Type="1" DType="320" FiltType="0" Seq="1"><SecName><![CDATA[General]]></SecName><SecondarySecName /><FldLabel><![CDATA[BO]]></FldLabel><FldName><![CDATA[triBONameTX]]></FldName><FiltVAl /><defaultFlag><![CDATA[0]]></defaultFlag></Column><Column Type="1" DType="320" FiltType="0" Seq="2"><SecName><![CDATA[General]]></SecName><SecondarySecName /><FldLabel><![CDATA[Event]]></FldLabel><FldName><![CDATA[devEventTX]]></FldName><FiltVAl /><defaultFlag><![CDATA[0]]></defaultFlag></Column><Column Type="1" DType="320" FiltType="0" Seq="3"><SecName><![CDATA[General]]></SecName><SecondarySecName /><FldLabel><![CDATA[Workflow]]></FldLabel><FldName><![CDATA[triNameTX]]></FldName><FiltVAl /><defaultFlag><![CDATA[0]]></defaultFlag></Column><Column Type="1" DType="310" FiltType="0" Seq="4"><SecName><![CDATA[General]]></SecName><SecondarySecName /><FldLabel><![CDATA[Average Execution]]></FldLabel><FldName><![CDATA[devAverageDU]]></FldName><FiltVAl /><defaultFlag><![CDATA[0]]></defaultFlag></Column><Column Type="1" DType="310" FiltType="0" Seq="5"><SecName><![CDATA[General]]></SecName><SecondarySecName /><FldLabel><![CDATA[Total Time]]></FldLabel><FldName><![CDATA[devTotalExecutionDU]]></FldName><FiltVAl /><defaultFlag><![CDATA[0]]></defaultFlag></Column><Column Type="1" DType="310" FiltType="0" Seq="6"><SecName><![CDATA[General]]></SecName><SecondarySecName /><FldLabel><![CDATA[Execution Count]]></FldLabel><FldName><![CDATA[devExecutionCountNU]]></FldName><FiltVAl /><defaultFlag><![CDATA[0]]></defaultFlag></Column><Column Type="1" DType="320" FiltType="0" Seq="7"><SecName><![CDATA[General]]></SecName><SecondarySecName /><FldLabel><![CDATA[First]]></FldLabel><FldName><![CDATA[devFirstTimeDT]]></FldName><FiltVAl /><defaultFlag><![CDATA[0]]></defaultFlag></Column><Column Type="1" DType="320" FiltType="0" Seq="8"><SecName><![CDATA[General]]></SecName><SecondarySecName /><FldLabel><![CDATA[Last]]></FldLabel><FldName><![CDATA[devLastTimeDT]]></FldName><FiltVAl /><defaultFlag><![CDATA[0]]></defaultFlag></Column><Column Type="1" DType="310" FiltType="0" Seq="9"><SecName><![CDATA[General]]></SecName><SecondarySecName /><FldLabel><![CDATA[Minimum Execution]]></FldLabel><FldName><![CDATA[devMinimumDU]]></FldName><FiltVAl /><defaultFlag><![CDATA[0]]></defaultFlag></Column><Column Type="1" DType="310" FiltType="0" Seq="10"><SecName><![CDATA[General]]></SecName><SecondarySecName /><FldLabel><![CDATA[Maximum Execution]]></FldLabel><FldName><![CDATA[devMaximumDU]]></FldName><FiltVAl /><defaultFlag><![CDATA[0]]></defaultFlag></Column><Column Type="3" DType="320" FiltType="0" Seq="0"><SecName><![CDATA[General]]></SecName><SecondarySecName /><FldLabel><![CDATA[Module]]></FldLabel><FldName><![CDATA[triModuleNameTX]]></FldName><FiltVAl /><defaultFlag><![CDATA[0]]></defaultFlag></Column><Column Type="3" DType="320" FiltType="0" Seq="1"><SecName><![CDATA[General]]></SecName><SecondarySecName /><FldLabel><![CDATA[BO]]></FldLabel><FldName><![CDATA[triBONameTX]]></FldName><FiltVAl /><defaultFlag><![CDATA[0]]></defaultFlag></Column><Column Type="3" DType="320" FiltType="0" Seq="2"><SecName><![CDATA[General]]></SecName><SecondarySecName /><FldLabel><![CDATA[Event]]></FldLabel><FldName><![CDATA[devEventTX]]></FldName><FiltVAl /><defaultFlag><![CDATA[0]]></defaultFlag></Column><Column Type="3" DType="320" FiltType="0" Seq="3"><SecName><![CDATA[General]]></SecName><SecondarySecName /><FldLabel><![CDATA[Workflow]]></FldLabel><FldName><![CDATA[triNameTX]]></FldName><FiltVAl /><defaultFlag><![CDATA[0]]></defaultFlag></Column><Column Type="3" DType="310" FiltType="1" Seq="4"><SecName><![CDATA[General]]></SecName><SecondarySecName /><FldLabel><![CDATA[Average Execution]]></FldLabel><FldName><![CDATA[devAverageDU]]></FldName><FiltVAl /><defaultFlag><![CDATA[0]]></defaultFlag></Column><Column Type="3" DType="310" FiltType="1" Seq="5"><SecName><![CDATA[General]]></SecName><SecondarySecName /><FldLabel><![CDATA[Total Time]]></FldLabel><FldName><![CDATA[devTotalExecutionDU]]></FldName><FiltVAl /><defaultFlag><![CDATA[0]]></defaultFlag></Column><Column Type="3" DType="310" FiltType="1" Seq="6"><SecName><![CDATA[General]]></SecName><SecondarySecName /><FldLabel><![CDATA[Execution Count]]></FldLabel><FldName><![CDATA[devExecutionCountNU]]></FldName><FiltVAl /><defaultFlag><![CDATA[0]]></defaultFlag></Column><Column Type="4" DType="310" FiltType="0" Seq="0"><SecName><![CDATA[General]]></SecName><SecondarySecName /><FldLabel><![CDATA[Total Time]]></FldLabel><FldName><![CDATA[devTotalExecutionDU]]></FldName><FiltVAl /><defaultFlag><![CDATA[0]]></defaultFlag></Column><Column Type="4" DType="310" FiltType="0" Seq="1"><SecName><![CDATA[General]]></SecName><SecondarySecName /><FldLabel><![CDATA[Execution Count]]></FldLabel><FldName><![CDATA[devExecutionCountNU]]></FldName><FiltVAl /><defaultFlag><![CDATA[0]]></defaultFlag></Column><Column Type="5" DType="320" FiltType="16" Seq="1"><SecName><![CDATA[General]]></SecName><SecondarySecName /><FldLabel><![CDATA[Module]]></FldLabel><FldName><![CDATA[triModuleNameTX]]></FldName><FiltVAl><![CDATA[$$RUNTIME$$]]></FiltVAl><defaultFlag><![CDATA[0]]></defaultFlag></Column><Column Type="5" DType="320" FiltType="16" Seq="2"><SecName><![CDATA[General]]></SecName><SecondarySecName /><FldLabel><![CDATA[Business Object]]></FldLabel><FldName><![CDATA[triBONameTX]]></FldName><FiltVAl><![CDATA[$$RUNTIME$$]]></FiltVAl><defaultFlag><![CDATA[0]]></defaultFlag></Column><Column Type="5" DType="320" FiltType="16" Seq="3"><SecName><![CDATA[General]]></SecName><SecondarySecName /><FldLabel><![CDATA[Workflow]]></FldLabel><FldName><![CDATA[triNameTX]]></FldName><FiltVAl><![CDATA[$$RUNTIME$$]]></FiltVAl><defaultFlag><![CDATA[0]]></defaultFlag></Column><Column Type="5" DType="320" FiltType="16" Seq="4"><SecName><![CDATA[General]]></SecName><SecondarySecName /><FldLabel><![CDATA[Trigger Event]]></FldLabel><FldName><![CDATA[devEventTX]]></FldName><FiltVAl><![CDATA[$$RUNTIME$$]]></FiltVAl><defaultFlag><![CDATA[0]]></defaultFlag></Column></Columns><AssocFilters><AssocFilter RevAssocFlag="0" AssocFlag="0" FiltType="0" Seq="1"><AssocString><![CDATA[Has Item]]></AssocString><Module><![CDATA[devUtil]]></Module><BO><![CDATA[devWorkflowPerformance]]></BO><FilterData><![CDATA[$$RECORDID$$]]></FilterData></AssocFilter></AssocFilters><SubReps><SubRep ApplyFilter="1"><Name><![CDATA[devWorkflowMetrics - Associated to Workflow Performance Record - By Average Execution]]></Name><BO><![CDATA[devWorkflowMetrics]]></BO><Module><![CDATA[devUtil]]></Module></SubRep><SubRep ApplyFilter="1"><Name><![CDATA[devWorkflowMetrics - Associated to Workflow Performance Record - By Total Time]]></Name><BO><![CDATA[devWorkflowMetrics]]></BO><Module><![CDATA[devUtil]]></Module></SubRep><SubRep ApplyFilter="1"><Name><![CDATA[devWorkflowMetrics - Associated to Workflow Performance Record - By Execution Count]]></Name><BO><![CDATA[devWorkflowMetrics]]></BO><Module><![CDATA[devUtil]]></Module></SubRep></SubReps></Query>
