<?xml version="1.0" encoding="UTF-8"?>
<Query><Header Scope="0" Type="4" RandomCnt="0" FixedColCnt="0" DScope="2" Editable="0" GraphType="1" DisplayLegend="0"><Name><![CDATA[devWorkflowMetrics - Associated to Workflow Performance Record - Average Time Chart]]></Name><Module><![CDATA[devUtil]]></Module><BO><![CDATA[devWorkflowMetrics]]></BO><Number><![CDATA[Chart]]></Number><Description><![CDATA[Displays workflow metric records associated to the current workflow performance record.]]></Description><HeaderStr><![CDATA[Average Execution Time (ms)]]></HeaderStr><PromptBeforeQuery><![CDATA[0]]></PromptBeforeQuery><XTitle /><YTitle /><AssocString><![CDATA[About]]></AssocString><RecState /><TabularOutput><![CDATA[0]]></TabularOutput><AssociatedField /><ScorecardTargetOption><![CDATA[0]]></ScorecardTargetOption></Header><Bos><BO><Name><![CDATA[devWorkflowMetrics]]></Name><Module><![CDATA[devUtil]]></Module></BO></Bos><Columns><Column Type="1" DType="320" FiltType="0" Seq="0"><SecName><![CDATA[General]]></SecName><SecondarySecName /><FldLabel><![CDATA[Workflow]]></FldLabel><FldName><![CDATA[triNameTX]]></FldName><FiltVAl /><defaultFlag><![CDATA[0]]></defaultFlag></Column><Column Type="1" DType="310" FiltType="0" Seq="1"><SecName><![CDATA[General]]></SecName><SecondarySecName /><FldLabel><![CDATA[Average Time]]></FldLabel><FldName><![CDATA[devAverageDU]]></FldName><FiltVAl /><defaultFlag><![CDATA[0]]></defaultFlag></Column><Column Type="2" DType="320" FiltType="0" Seq="0"><SecName><![CDATA[General]]></SecName><SecondarySecName /><FldLabel><![CDATA[Workflow]]></FldLabel><FldName><![CDATA[triNameTX]]></FldName><FiltVAl /><defaultFlag><![CDATA[0]]></defaultFlag></Column><Column Type="4" DType="310" FiltType="0" Seq="0"><SecName><![CDATA[General]]></SecName><SecondarySecName /><FldLabel><![CDATA[Average Time]]></FldLabel><FldName><![CDATA[devAverageDU]]></FldName><FiltVAl /><defaultFlag><![CDATA[0]]></defaultFlag></Column></Columns><AssocFilters><AssocFilter RevAssocFlag="0" AssocFlag="0" FiltType="0" Seq="1"><AssocString><![CDATA[Has Item]]></AssocString><Module><![CDATA[devUtil]]></Module><BO><![CDATA[devWorkflowPerformance]]></BO><FilterData><![CDATA[$$RECORDID$$]]></FilterData></AssocFilter></AssocFilters><SubReps><SubRep ApplyFilter="1"><Name><![CDATA[devWorkflowMetrics - Associated to Workflow Performance Record - Total Time Chart]]></Name><BO><![CDATA[devWorkflowMetrics]]></BO><Module><![CDATA[devUtil]]></Module></SubRep><SubRep ApplyFilter="1"><Name><![CDATA[devWorkflowMetrics - Associated to Workflow Performance Record - Execution Count Chart]]></Name><BO><![CDATA[devWorkflowMetrics]]></BO><Module><![CDATA[devUtil]]></Module></SubRep></SubReps></Query>
