<?xml version="1.0" encoding="UTF-8"?>
<Query><Header Scope="0" Type="0" RandomCnt="0" FixedColCnt="0" DScope="2" Editable="0" GraphType="-1" DisplayLegend="0"><Name><![CDATA[devWorkflowPerformance - Manager Query]]></Name><Module><![CDATA[devUtil]]></Module><BO><![CDATA[devWorkflowPerformance]]></BO><Number><![CDATA[Manager Query]]></Number><Description /><HeaderStr><![CDATA[Workflow Performance Measurements]]></HeaderStr><PromptBeforeQuery><![CDATA[0]]></PromptBeforeQuery><XTitle /><YTitle /><AssocString><![CDATA[About]]></AssocString><RecState /><TabularOutput><![CDATA[0]]></TabularOutput><AssociatedField /><ScorecardTargetOption><![CDATA[0]]></ScorecardTargetOption></Header><Bos><BO><Name><![CDATA[devWorkflowPerformance]]></Name><Module><![CDATA[devUtil]]></Module></BO></Bos><Columns><Column Type="1" DType="320" FiltType="0" Seq="0"><SecName><![CDATA[General]]></SecName><SecondarySecName /><FldLabel><![CDATA[ID]]></FldLabel><FldName><![CDATA[triIdTX]]></FldName><FiltVAl /><defaultFlag><![CDATA[0]]></defaultFlag></Column><Column Type="1" DType="320" FiltType="0" Seq="1"><SecName><![CDATA[General]]></SecName><SecondarySecName /><FldLabel><![CDATA[Created Date/Time]]></FldLabel><FldName><![CDATA[triCreatedSY]]></FldName><FiltVAl /><defaultFlag><![CDATA[0]]></defaultFlag></Column><Column Type="1" DType="320" FiltType="0" Seq="2"><SecName><![CDATA[General]]></SecName><SecondarySecName /><FldLabel><![CDATA[Start Date/Time]]></FldLabel><FldName><![CDATA[triStartDT]]></FldName><FiltVAl /><defaultFlag><![CDATA[0]]></defaultFlag></Column><Column Type="1" DType="320" FiltType="0" Seq="3"><SecName><![CDATA[General]]></SecName><SecondarySecName /><FldLabel><![CDATA[End Date/Time]]></FldLabel><FldName><![CDATA[triEndDT]]></FldName><FiltVAl /><defaultFlag><![CDATA[0]]></defaultFlag></Column></Columns></Query>
