<?xml version="1.0" encoding="UTF-8"?>
<Workflow><Header Type="4" WfStatus="10" IgnoreModuleLevel="0" InstanceData="1" LockRecord="0" Modifier="0"><Name><![CDATA[devWorkflowPerformance - triDelete - Delete Metrics]]></Name><Module><![CDATA[devUtil]]></Module><BO><![CDATA[devWorkflowPerformance]]></BO><EventName><![CDATA[triDelete]]></EventName><Description><![CDATA[Delete related metrics on delete]]></Description><AssociationName /><AssociatedBO><![CDATA[devWorkflowPerformance]]></AssociatedBO><AssociatedModule><![CDATA[devUtil]]></AssociatedModule></Header><Tasks><Task Id="208031" Type="31" FilterOperator="10" RecurrenceId="0" MapId="-1" SRCTaskId="-1" TRGTTaskId="-1" AssigneeTaskId="0" SortCount="1" UseMap="1" LockUser="0" AssignToFlag="1" EstEndInDays="0" EstEndInHrs="0" EstEndInMins="0" DateContext="0" ServiceContext="1"><TaskLabel><![CDATA[Trigger Action]]></TaskLabel><EventName><![CDATA[triDelete]]></EventName><Description /><DeleteSection /><SumSection /><SumField /><FilterSection /><FilterField /><FilterValue /><ServiceAssociation /><TargetAssociation /><TransactionType><![CDATA[0]]></TransactionType><Status><![CDATA[0]]></Status><ParametersMapId><![CDATA[-1]]></ParametersMapId><FormulaRecalc><![CDATA[0]]></FormulaRecalc><Module><![CDATA[devUtil]]></Module><BO><![CDATA[devWorkflowMetrics]]></BO><AssignToUserMod /><AssignToUserBO /><AssignToUser /><TaskRefs><TaskRef RefType="0" UseType="1" TaskRefType="0" CtxType="2" RefTaskId="0"><RefSec><![CDATA[null]]></RefSec><RefField><![CDATA[null]]></RefField><RefAssoc><![CDATA[Has Item]]></RefAssoc><RefModule><![CDATA[devUtil]]></RefModule><RefObject><![CDATA[devWorkflowMetrics]]></RefObject><RefRecordMod /><RefRecordBO /><RefRecord /></TaskRef><TaskRef RefType="1" UseType="2" TaskRefType="0" CtxType="-1" RefTaskId="0"><RefSec /><RefField /><RefAssoc /><RefModule><![CDATA[devUtil]]></RefModule><RefObject><![CDATA[devWorkflowPerformance]]></RefObject></TaskRef></TaskRefs></Task><Task Id="0" Type="1" FilterOperator="10" RecurrenceId="0" MapId="141256" SRCTaskId="-1" TRGTTaskId="-1" AssigneeTaskId="0" SortCount="1" UseMap="1" LockUser="0" AssignToFlag="1" EstEndInDays="0" EstEndInHrs="0" EstEndInMins="0" DateContext="0" ServiceContext="1"><TaskLabel><![CDATA[Start]]></TaskLabel><EventName><![CDATA[triDelete]]></EventName><Description /><DeleteSection /><SumSection /><SumField /><FilterSection /><FilterField /><FilterValue /><ServiceAssociation /><TargetAssociation /><TransactionType><![CDATA[0]]></TransactionType><Status><![CDATA[0]]></Status><ParametersMapId><![CDATA[-1]]></ParametersMapId><FormulaRecalc><![CDATA[0]]></FormulaRecalc><Module><![CDATA[devUtil]]></Module><BO><![CDATA[devWorkflowPerformance]]></BO><AssociatedModule><![CDATA[devUtil]]></AssociatedModule><AssociatedBO><![CDATA[devWorkflowPerformance]]></AssociatedBO><AssignToUserMod><![CDATA[triPeople]]></AssignToUserMod><AssignToUserBO><![CDATA[My Profile]]></AssignToUserBO><AssignToUser><![CDATA[\System, System -]]></AssignToUser><TaskRefs /><Condition><Expression><![CDATA[ ]]></Expression></Condition></Task><Task Id="208030" Type="9" FilterOperator="10" RecurrenceId="0" MapId="-1" SRCTaskId="-1" TRGTTaskId="-1" AssigneeTaskId="0" SortCount="1" UseMap="1" LockUser="0" AssignToFlag="1" EstEndInDays="0" EstEndInHrs="0" EstEndInMins="0" DateContext="0" ServiceContext="1"><TaskLabel /><EventName /><Description /><DeleteSection /><SumSection /><SumField /><FilterSection /><FilterField /><FilterValue /><ServiceAssociation /><TargetAssociation /><TransactionType><![CDATA[0]]></TransactionType><Status><![CDATA[0]]></Status><ParametersMapId><![CDATA[-1]]></ParametersMapId><FormulaRecalc><![CDATA[0]]></FormulaRecalc><Module /><BO /><AssignToUserMod /><AssignToUserBO /><AssignToUser /><TaskRefs /></Task></Tasks><WFSteps><WFStep Id="0" Type="1" ParId="-1" /><WFStep Id="208030" Type="9" ParId="208031" /><WFStep Id="208031" Type="31" ParId="0" /></WFSteps></Workflow>
