<?xml version = "1.0" encoding = "UTF-8"?> <OMObjects><OMObject Type='1'><Module><![CDATA[devExhibit]]></Module><BO><![CDATA[]]></BO><Name><![CDATA[devDataSource]]></Name><File><![CDATA[Business Object_devExhibit_devDataSource.xml]]></File></OMObject><OMObject Type='1'><Module><![CDATA[devExhibit]]></Module><BO><![CDATA[]]></BO><Name><![CDATA[devExhibit]]></Name><File><![CDATA[Business Object_devExhibit_devExhibit.xml]]></File></OMObject><OMObject Type='1'><Module><![CDATA[devExhibit]]></Module><BO><![CDATA[]]></BO><Name><![CDATA[devProperty]]></Name><File><![CDATA[Business Object_devExhibit_devProperty.xml]]></File></OMObject><OMObject Type='12'><Module><![CDATA[Document]]></Module><BO><![CDATA[Document]]></BO><Name><![CDATA[\ROOT\TRIRIGA\Exhibit\Work Task Exhibit]]></Name><ContentType><![CDATA[text/html]]></ContentType><ContentFileName><![CDATA[exhibit-example.html]]></ContentFileName><File><![CDATA[3223656_exhibit-example.html]]></File></OMObject><OMObject Type='2'><Module><![CDATA[devExhibit]]></Module><BO><![CDATA[devDataSource]]></BO><Name><![CDATA[devDataSource]]></Name><File><![CDATA[GUI_devExhibit_devDataSource.xml]]></File></OMObject><OMObject Type='2'><Module><![CDATA[devExhibit]]></Module><BO><![CDATA[devExhibit]]></BO><Name><![CDATA[devExhibit]]></Name><File><![CDATA[GUI_devExhibit_devExhibit.xml]]></File></OMObject><OMObject Type='2'><Module><![CDATA[devExhibit]]></Module><BO><![CDATA[devProperty]]></BO><Name><![CDATA[devProperty]]></Name><File><![CDATA[GUI_devExhibit_devProperty.xml]]></File></OMObject><OMObject Type='8'><Module><![CDATA[devExhibit]]></Module><BO><![CDATA[]]></BO><Name><![CDATA[devValueType]]></Name><File><![CDATA[List_devExhibit_devValueType.xml]]></File></OMObject><OMObject Type='6'><Module><![CDATA[]]></Module><BO><![CDATA[]]></BO><Name><![CDATA[devExhibit]]></Name><File><![CDATA[Module_devExhibit.xml]]></File></OMObject><OMObject Type='4'><Module><![CDATA[triTask]]></Module><BO><![CDATA[triWorkTask]]></BO><Name><![CDATA[dev - triWorkTask - Timeline Exhibit]]></Name><File><![CDATA[Query_triTask_dev-triWorkTask-TimelineExhibit.xml]]></File></OMObject><OMObject Type='4'><Module><![CDATA[devExhibit]]></Module><BO><![CDATA[devDataSource]]></BO><Name><![CDATA[devDataSource - Associated to Current Exhibit]]></Name><File><![CDATA[Query_devExhibit_devDataSource-AssociatedtoCurrentExhibit.xml]]></File></OMObject><OMObject Type='4'><Module><![CDATA[devExhibit]]></Module><BO><![CDATA[devDataSource]]></BO><Name><![CDATA[devDataSource - Display All Active Data Sources]]></Name><File><![CDATA[Query_devExhibit_devDataSource-DisplayAllActiveDataSources.xml]]></File></OMObject><OMObject Type='4'><Module><![CDATA[devExhibit]]></Module><BO><![CDATA[devDataSource]]></BO><Name><![CDATA[devDataSource - Display All Data Sources]]></Name><File><![CDATA[Query_devExhibit_devDataSource-DisplayAllDataSources.xml]]></File></OMObject><OMObject Type='4'><Module><![CDATA[devExhibit]]></Module><BO><![CDATA[devDataSource]]></BO><Name><![CDATA[devDataSource - Display All Retired Data Sources]]></Name><File><![CDATA[Query_devExhibit_devDataSource-DisplayAllRetiredDataSources.xml]]></File></OMObject><OMObject Type='4'><Module><![CDATA[devExhibit]]></Module><BO><![CDATA[devDataSource]]></BO><Name><![CDATA[devDataSource - Find Data Source]]></Name><File><![CDATA[Query_devExhibit_devDataSource-FindDataSource.xml]]></File></OMObject><OMObject Type='4'><Module><![CDATA[devExhibit]]></Module><BO><![CDATA[devExhibit]]></BO><Name><![CDATA[devExhibit - Display All Exhibits]]></Name><File><![CDATA[Query_devExhibit_devExhibit-DisplayAllExhibits.xml]]></File></OMObject><OMObject Type='4'><Module><![CDATA[devExhibit]]></Module><BO><![CDATA[devExhibit]]></BO><Name><![CDATA[devExhibit - Display All Published Exhibits]]></Name><File><![CDATA[Query_devExhibit_devExhibit-DisplayAllPublishedExhibits.xml]]></File></OMObject><OMObject Type='4'><Module><![CDATA[devExhibit]]></Module><BO><![CDATA[devExhibit]]></BO><Name><![CDATA[devExhibit - Display All Retired Exhibits]]></Name><File><![CDATA[Query_devExhibit_devExhibit-DisplayAllRetiredExhibits.xml]]></File></OMObject><OMObject Type='4'><Module><![CDATA[devExhibit]]></Module><BO><![CDATA[devProperty]]></BO><Name><![CDATA[devProperty - Associated to Current Data Source]]></Name><File><![CDATA[Query_devExhibit_devProperty-AssociatedtoCurrentDataSource.xml]]></File></OMObject><OMObject Type='4'><Module><![CDATA[devExhibit]]></Module><BO><![CDATA[devProperty]]></BO><Name><![CDATA[devProperty - Find Property Definition]]></Name><File><![CDATA[Query_devExhibit_devProperty-FindPropertyDefinition.xml]]></File></OMObject><OMObject Type='4'><Module><![CDATA[Document]]></Module><BO><![CDATA[Document]]></BO><Name><![CDATA[Document - Locator Query for Exhibit]]></Name><File><![CDATA[Query_Document_Document-LocatorQueryforExhibit.xml]]></File></OMObject><OMObject Type='13'><Module><![CDATA[devExhibit]]></Module><BO><![CDATA[devProperty]]></BO><Name><![CDATA[\PROP-1000003]]></Name><File><![CDATA[Record Data_devExhibit_PROP-1000003.xml]]></File></OMObject><OMObject Type='13'><Module><![CDATA[devExhibit]]></Module><BO><![CDATA[devProperty]]></BO><Name><![CDATA[\PROP-1000004]]></Name><File><![CDATA[Record Data_devExhibit_PROP-1000004.xml]]></File></OMObject><OMObject Type='13'><Module><![CDATA[devExhibit]]></Module><BO><![CDATA[devProperty]]></BO><Name><![CDATA[\PROP-1000005]]></Name><File><![CDATA[Record Data_devExhibit_PROP-1000005.xml]]></File></OMObject><OMObject Type='13'><Module><![CDATA[devExhibit]]></Module><BO><![CDATA[devProperty]]></BO><Name><![CDATA[\PROP-1000006]]></Name><File><![CDATA[Record Data_devExhibit_PROP-1000006.xml]]></File></OMObject><OMObject Type='13'><Module><![CDATA[devExhibit]]></Module><BO><![CDATA[devProperty]]></BO><Name><![CDATA[\PROP-1000007]]></Name><File><![CDATA[Record Data_devExhibit_PROP-1000007.xml]]></File></OMObject><OMObject Type='13'><Module><![CDATA[devExhibit]]></Module><BO><![CDATA[devProperty]]></BO><Name><![CDATA[\PROP-1000011]]></Name><File><![CDATA[Record Data_devExhibit_PROP-1000011.xml]]></File></OMObject><OMObject Type='13'><Module><![CDATA[devExhibit]]></Module><BO><![CDATA[devDataSource]]></BO><Name><![CDATA[\SOURCE-1000001]]></Name><File><![CDATA[Record Data_devExhibit_SOURCE-1000001.xml]]></File></OMObject><OMObject Type='13'><Module><![CDATA[devExhibit]]></Module><BO><![CDATA[devExhibit]]></BO><Name><![CDATA[\WorkTasks]]></Name><File><![CDATA[Record Data_devExhibit_WorkTasks.xml]]></File></OMObject><OMObject Type='3'><Module><![CDATA[devExhibit]]></Module><BO><![CDATA[devDataSource]]></BO><Name><![CDATA[devDataSource - Synchronous - Populate ID]]></Name><File><![CDATA[Workflow_devExhibit_devDataSource-Synchronous-PopulateID.xml]]></File></OMObject><OMObject Type='3'><Module><![CDATA[devExhibit]]></Module><BO><![CDATA[devProperty]]></BO><Name><![CDATA[devProperty - Synchronous - Populate ID]]></Name><File><![CDATA[Workflow_devExhibit_devProperty-Synchronous-PopulateID.xml]]></File></OMObject></OMObjects>