<?xml version="1.0" encoding="UTF-8"?>
<BO><BOHeader Root="0" Sched="0" Type="1" Audit="0" AuditAccess="0" AuditAction="0" AuditComment="0" AuditSign="0" Approval="0" StageTable="0" SingTab="0"><Module><![CDATA[devExhibit]]></Module><Name><![CDATA[devDataSource]]></Name><Label><![CDATA[Exhibit Data Source]]></Label><Description><![CDATA[Represents a data source used in an Exhibit feed.  Results from one or more Data Sources are merged to create the data feed.]]></Description><AuditLevel /></BOHeader><Associations><Association AssocDepend="0"><AssocMod><![CDATA[devExhibit]]></AssocMod><AssocBo><![CDATA[devExhibit]]></AssocBo><AssocName><![CDATA[Used By]]></AssocName><AssocRevName><![CDATA[Uses]]></AssocRevName></Association><Association AssocDepend="0"><AssocMod><![CDATA[devExhibit]]></AssocMod><AssocBo><![CDATA[devProperty]]></AssocBo><AssocName><![CDATA[Has Item]]></AssocName><AssocRevName><![CDATA[Is Item For]]></AssocRevName></Association></Associations><Sections><Section Type="0" Input="0" Vert="0" Passthrough="0" LiveLink="0" Override="0" Multi="0"><Name><![CDATA[General]]></Name><Label><![CDATA[General]]></Label><Association /><TempAssociation /><LayOutTab /><Fields><Field UomType="-1" HierClsType="9" EditUomType="0" MField="0" FieldLiveLink="0" FormulaFlag="0" UseInTot="0" UseInRes="0" ResultDispSeq="0" ReadOnly="1" LocFlag="0" NoAutoPop="0" GenOnCrt="0" FullPath="0" DepListFlag="0" BaseCurField="0" RefResultDispSeq="0" MFieldSeq="0" Size="0.0" DateDefNum="0" StageField="0"><Name><![CDATA[triRecordStateSY]]></Name><Description><![CDATA[Record State]]></Description><Purpose /><Type><![CDATA[System Read Only]]></Type><Label><![CDATA[Record State]]></Label><DVal /><Validation /><Required><![CDATA[N]]></Required><FormulaType><![CDATA[R]]></FormulaType><UomTypeName /><Uom /><RollUpType /><LTab><![CDATA[General]]></LTab><LSec><![CDATA[General]]></LSec><SubType><![CDATA[Object State]]></SubType><Association /><Format /><RollUpSource /></Field><Field UomType="-1" HierClsType="9" EditUomType="0" MField="0" FieldLiveLink="0" FormulaFlag="0" UseInTot="0" UseInRes="0" ResultDispSeq="0" ReadOnly="1" LocFlag="0" NoAutoPop="0" GenOnCrt="0" FullPath="0" DepListFlag="0" BaseCurField="0" RefResultDispSeq="0" MFieldSeq="0" Size="0.0" DateDefNum="0" StageField="0"><Name><![CDATA[triRecordNameSY]]></Name><Description><![CDATA[Record Name]]></Description><Purpose /><Type><![CDATA[System Read Only]]></Type><Label><![CDATA[Record Name]]></Label><DVal /><Validation /><Required><![CDATA[N]]></Required><FormulaType><![CDATA[R]]></FormulaType><UomTypeName /><Uom /><RollUpType /><LTab><![CDATA[General]]></LTab><LSec><![CDATA[General]]></LSec><SubType><![CDATA[Record Name]]></SubType><Association /><Format /><RollUpSource /></Field><Field UomType="-1" HierClsType="9" EditUomType="0" MField="0" FieldLiveLink="0" FormulaFlag="0" UseInTot="0" UseInRes="0" ResultDispSeq="0" ReadOnly="1" LocFlag="0" NoAutoPop="0" GenOnCrt="0" FullPath="0" DepListFlag="0" BaseCurField="0" RefResultDispSeq="0" MFieldSeq="0" Size="0.0" DateDefNum="0" StageField="0"><Name><![CDATA[triRecordIdSY]]></Name><Description><![CDATA[System Record ID]]></Description><Purpose /><Type><![CDATA[System Read Only]]></Type><Label><![CDATA[System Record ID]]></Label><DVal /><Validation /><Required><![CDATA[N]]></Required><FormulaType><![CDATA[R]]></FormulaType><UomTypeName /><Uom /><RollUpType /><LTab><![CDATA[General]]></LTab><LSec><![CDATA[General]]></LSec><SubType><![CDATA[BO Record Id]]></SubType><Association /><Format /><RollUpSource /></Field><Field UomType="-1" HierClsType="9" EditUomType="0" MField="0" FieldLiveLink="0" FormulaFlag="0" UseInTot="0" UseInRes="0" ResultDispSeq="0" ReadOnly="1" LocFlag="0" NoAutoPop="0" GenOnCrt="0" FullPath="0" DepListFlag="0" BaseCurField="0" RefResultDispSeq="0" MFieldSeq="0" Size="-1.0" DateDefNum="0" StageField="0"><Name><![CDATA[triFormNameSY]]></Name><Description><![CDATA[For Branching of Work Flows (used in start condition) in BO's having multiple GUI's.]]></Description><Purpose><![CDATA[For Branching of Work Flows in BO's having multiple GUI's.]]></Purpose><Type><![CDATA[System Read Only]]></Type><Label><![CDATA[Form Name]]></Label><DVal /><Validation /><Required><![CDATA[N]]></Required><FormulaType><![CDATA[R]]></FormulaType><UomTypeName /><Uom /><RollUpType /><LTab><![CDATA[General]]></LTab><LSec><![CDATA[General]]></LSec><SubType><![CDATA[GUI Name]]></SubType><Association /><Format /><RollUpSource /></Field><Field UomType="-1" HierClsType="9" EditUomType="0" MField="0" FieldLiveLink="0" FormulaFlag="0" UseInTot="0" UseInRes="0" ResultDispSeq="0" ReadOnly="1" LocFlag="0" NoAutoPop="0" GenOnCrt="0" FullPath="0" DepListFlag="0" BaseCurField="0" RefResultDispSeq="0" MFieldSeq="0" Size="0.0" DateDefNum="0" StageField="0"><Name><![CDATA[triFormLabelSY]]></Name><Description><![CDATA[Form Label]]></Description><Purpose /><Type><![CDATA[System Read Only]]></Type><Label><![CDATA[Record Form]]></Label><DVal /><Validation /><Required><![CDATA[N]]></Required><FormulaType><![CDATA[R]]></FormulaType><UomTypeName /><Uom /><RollUpType /><LTab><![CDATA[General]]></LTab><LSec><![CDATA[General]]></LSec><SubType><![CDATA[GUI Label]]></SubType><Association /><Format /><RollUpSource /></Field><Field UomType="-1" HierClsType="9" EditUomType="0" MField="0" FieldLiveLink="0" FormulaFlag="0" UseInTot="0" UseInRes="0" ResultDispSeq="0" ReadOnly="1" LocFlag="0" NoAutoPop="0" GenOnCrt="0" FullPath="0" DepListFlag="0" BaseCurField="0" RefResultDispSeq="0" MFieldSeq="0" Size="0.0" DateDefNum="0" StageField="0"><Name><![CDATA[triFormIdSY]]></Name><Description><![CDATA[Record Form]]></Description><Purpose /><Type><![CDATA[System Read Only]]></Type><Label><![CDATA[System Form ID]]></Label><DVal /><Validation /><Required><![CDATA[N]]></Required><FormulaType><![CDATA[R]]></FormulaType><UomTypeName /><Uom /><RollUpType /><LTab><![CDATA[General]]></LTab><LSec><![CDATA[General]]></LSec><SubType><![CDATA[GUI Id]]></SubType><Association /><Format /><RollUpSource /></Field><Field UomType="-1" HierClsType="9" EditUomType="0" MField="0" FieldLiveLink="0" FormulaFlag="0" UseInTot="0" UseInRes="0" ResultDispSeq="0" ReadOnly="1" LocFlag="0" NoAutoPop="0" GenOnCrt="0" FullPath="0" DepListFlag="0" BaseCurField="0" RefResultDispSeq="0" MFieldSeq="0" Size="0.0" DateDefNum="0" StageField="0"><Name><![CDATA[triCreatedSY]]></Name><Description><![CDATA[Created Date/Time]]></Description><Purpose /><Type><![CDATA[System Read Only]]></Type><Label><![CDATA[Created Date/Time]]></Label><DVal /><Validation /><Required><![CDATA[N]]></Required><FormulaType><![CDATA[R]]></FormulaType><UomTypeName /><Uom /><RollUpType /><LTab><![CDATA[General]]></LTab><LSec><![CDATA[General]]></LSec><SubType><![CDATA[Created DateTime]]></SubType><Association /><Format /><RollUpSource /></Field><Field UomType="-1" HierClsType="9" EditUomType="0" MField="0" FieldLiveLink="0" FormulaFlag="0" UseInTot="0" UseInRes="0" ResultDispSeq="0" ReadOnly="1" LocFlag="0" NoAutoPop="0" GenOnCrt="0" FullPath="0" DepListFlag="0" BaseCurField="0" RefResultDispSeq="0" MFieldSeq="0" Size="0.0" DateDefNum="0" StageField="0"><Name><![CDATA[triCreatedBySY]]></Name><Description /><Purpose /><Type><![CDATA[System Read Only]]></Type><Label><![CDATA[Created By]]></Label><DVal /><Validation /><Required><![CDATA[N]]></Required><FormulaType><![CDATA[R]]></FormulaType><UomTypeName /><Uom /><RollUpType /><LTab><![CDATA[General]]></LTab><LSec><![CDATA[General]]></LSec><SubType><![CDATA[Record Name]]></SubType><Association /><Format /><RollUpSource /></Field><Field UomType="-1" HierClsType="9" EditUomType="0" MField="0" FieldLiveLink="0" FormulaFlag="0" UseInTot="0" UseInRes="0" ResultDispSeq="0" ReadOnly="1" LocFlag="0" NoAutoPop="0" GenOnCrt="0" FullPath="0" DepListFlag="0" BaseCurField="0" RefResultDispSeq="0" MFieldSeq="0" Size="-1.0" DateDefNum="0" StageField="0"><Name><![CDATA[triBusinessObjectNameSY]]></Name><Description /><Purpose /><Type><![CDATA[System Read Only]]></Type><Label><![CDATA[Business Object Name]]></Label><DVal /><Validation /><Required><![CDATA[N]]></Required><FormulaType><![CDATA[R]]></FormulaType><UomTypeName /><Uom /><RollUpType /><LTab><![CDATA[General]]></LTab><LSec><![CDATA[General]]></LSec><SubType><![CDATA[BO Type Name]]></SubType><Association /><Format /><RollUpSource /></Field><Field UomType="-1" HierClsType="9" EditUomType="0" MField="0" FieldLiveLink="0" FormulaFlag="0" UseInTot="0" UseInRes="0" ResultDispSeq="0" ReadOnly="1" LocFlag="0" NoAutoPop="0" GenOnCrt="0" FullPath="0" DepListFlag="0" BaseCurField="0" RefResultDispSeq="0" MFieldSeq="0" Size="0.0" DateDefNum="0" StageField="0"><Name><![CDATA[triBusinessObjectLabelSY]]></Name><Description><![CDATA[Business Object Label]]></Description><Purpose /><Type><![CDATA[System Read Only]]></Type><Label><![CDATA[Business Object Label]]></Label><DVal /><Validation /><Required><![CDATA[N]]></Required><FormulaType><![CDATA[R]]></FormulaType><UomTypeName /><Uom /><RollUpType /><LTab><![CDATA[General]]></LTab><LSec><![CDATA[General]]></LSec><SubType><![CDATA[BO Label]]></SubType><Association /><Format /><RollUpSource /></Field><Field UomType="-1" HierClsType="9" EditUomType="0" MField="0" FieldLiveLink="0" FormulaFlag="0" UseInTot="0" UseInRes="0" ResultDispSeq="0" ReadOnly="1" LocFlag="0" NoAutoPop="0" GenOnCrt="0" FullPath="0" DepListFlag="0" BaseCurField="0" RefResultDispSeq="0" MFieldSeq="0" Size="0.0" DateDefNum="0" StageField="0"><Name><![CDATA[triBusinessObjectIdSY]]></Name><Description><![CDATA[System Business Object ID]]></Description><Purpose /><Type><![CDATA[System Read Only]]></Type><Label><![CDATA[System Business Object ID]]></Label><DVal /><Validation /><Required><![CDATA[N]]></Required><FormulaType><![CDATA[R]]></FormulaType><UomTypeName /><Uom /><RollUpType /><LTab><![CDATA[General]]></LTab><LSec><![CDATA[General]]></LSec><SubType><![CDATA[BO Type Id]]></SubType><Association /><Format /><RollUpSource /></Field><Field UomType="-1" HierClsType="9" EditUomType="0" MField="0" FieldLiveLink="0" FormulaFlag="0" UseInTot="0" UseInRes="0" ResultDispSeq="0" ReadOnly="1" LocFlag="0" NoAutoPop="1" GenOnCrt="1" FullPath="0" DepListFlag="0" BaseCurField="0" RefResultDispSeq="0" MFieldSeq="0" Size="0.0" DateDefNum="0" StageField="0"><Name><![CDATA[triControlNumberCN]]></Name><Description><![CDATA[Control Number are always read only.]]></Description><Purpose /><Type><![CDATA[Control Number]]></Type><Label><![CDATA[Control Number]]></Label><DVal /><Validation /><Required><![CDATA[N]]></Required><FormulaType><![CDATA[R]]></FormulaType><UomTypeName /><Uom /><RollUpType /><LTab><![CDATA[General]]></LTab><LSec><![CDATA[General]]></LSec><SubType /><Association /><Format /><RollUpSource /></Field><Field UomType="-1" HierClsType="0" EditUomType="0" MField="1" FieldLiveLink="0" FormulaFlag="0" UseInTot="0" UseInRes="1" ResultDispSeq="2" ReadOnly="0" LocFlag="0" NoAutoPop="1" GenOnCrt="0" FullPath="0" DepListFlag="0" BaseCurField="0" RefResultDispSeq="0" MFieldSeq="2" Size="150.0" DateDefNum="0" StageField="1"><Name><![CDATA[devTypeTX]]></Name><Description><![CDATA[The type of object provided by the Data Source.]]></Description><Purpose><![CDATA[Data Source Object Type]]></Purpose><Type><![CDATA[Text]]></Type><Label><![CDATA[Type]]></Label><DVal /><Validation /><Required><![CDATA[Y]]></Required><FormulaType><![CDATA[R]]></FormulaType><UomTypeName /><Uom /><RollUpType /><LTab><![CDATA[General]]></LTab><LSec><![CDATA[General]]></LSec><SubType /><Association /><Format /><RollUpSource /></Field><Field UomType="-1" HierClsType="0" EditUomType="0" MField="0" FieldLiveLink="0" FormulaFlag="0" UseInTot="0" UseInRes="1" ResultDispSeq="3" ReadOnly="0" LocFlag="0" NoAutoPop="1" GenOnCrt="0" FullPath="0" DepListFlag="0" BaseCurField="0" RefResultDispSeq="0" MFieldSeq="0" Size="150.0" DateDefNum="0" StageField="0"><Name><![CDATA[devPluralTX]]></Name><Description><![CDATA[This is the label used for the object's plural form.  For example, the plural label for "Person" would be "People".]]></Description><Purpose><![CDATA[Data Source Object Plural Label]]></Purpose><Type><![CDATA[Text]]></Type><Label><![CDATA[Plural Label]]></Label><DVal /><Validation /><Required><![CDATA[N]]></Required><FormulaType><![CDATA[R]]></FormulaType><UomTypeName /><Uom /><RollUpType /><LTab><![CDATA[General]]></LTab><LSec><![CDATA[General]]></LSec><SubType /><Association /><Format /><RollUpSource /></Field><Field UomType="-1" HierClsType="0" EditUomType="0" MField="1" FieldLiveLink="0" FormulaFlag="0" UseInTot="0" UseInRes="1" ResultDispSeq="4" ReadOnly="0" LocFlag="0" NoAutoPop="1" GenOnCrt="0" FullPath="0" DepListFlag="0" BaseCurField="0" RefResultDispSeq="0" MFieldSeq="4" Size="150.0" DateDefNum="0" StageField="1"><Name><![CDATA[devModuleTX]]></Name><Description><![CDATA[This is the module in which the Data Source object resides.]]></Description><Purpose><![CDATA[Data Source Module]]></Purpose><Type><![CDATA[Text]]></Type><Label><![CDATA[Module]]></Label><DVal /><Validation /><Required><![CDATA[Y]]></Required><FormulaType><![CDATA[R]]></FormulaType><UomTypeName /><Uom /><RollUpType /><LTab><![CDATA[General]]></LTab><LSec><![CDATA[General]]></LSec><SubType /><Association /><Format /><RollUpSource /></Field><Field UomType="-1" HierClsType="0" EditUomType="0" MField="1" FieldLiveLink="0" FormulaFlag="0" UseInTot="0" UseInRes="1" ResultDispSeq="5" ReadOnly="0" LocFlag="0" NoAutoPop="1" GenOnCrt="0" FullPath="0" DepListFlag="0" BaseCurField="0" RefResultDispSeq="0" MFieldSeq="5" Size="150.0" DateDefNum="0" StageField="1"><Name><![CDATA[devBusinessObjectTX]]></Name><Description><![CDATA[This is the Business Object queried by the Data Source.]]></Description><Purpose><![CDATA[Data Source Business Object]]></Purpose><Type><![CDATA[Text]]></Type><Label><![CDATA[Business Object]]></Label><DVal /><Validation /><Required><![CDATA[Y]]></Required><FormulaType><![CDATA[R]]></FormulaType><UomTypeName /><Uom /><RollUpType /><LTab><![CDATA[General]]></LTab><LSec><![CDATA[General]]></LSec><SubType /><Association /><Format /><RollUpSource /></Field><Field UomType="-1" HierClsType="0" EditUomType="0" MField="1" FieldLiveLink="0" FormulaFlag="0" UseInTot="0" UseInRes="1" ResultDispSeq="6" ReadOnly="0" LocFlag="0" NoAutoPop="1" GenOnCrt="0" FullPath="0" DepListFlag="0" BaseCurField="0" RefResultDispSeq="0" MFieldSeq="6" Size="500.0" DateDefNum="0" StageField="1"><Name><![CDATA[devQueryTX]]></Name><Description><![CDATA[This is the name of the query that will be run to retrieve data for the Data Source]]></Description><Purpose><![CDATA[Data Source Query/Report]]></Purpose><Type><![CDATA[Text]]></Type><Label><![CDATA[Query/Report]]></Label><DVal /><Validation /><Required><![CDATA[Y]]></Required><FormulaType><![CDATA[R]]></FormulaType><UomTypeName /><Uom /><RollUpType /><LTab><![CDATA[General]]></LTab><LSec><![CDATA[General]]></LSec><SubType /><Association /><Format /><RollUpSource /></Field><Field UomType="-1" HierClsType="9" EditUomType="0" MField="0" FieldLiveLink="0" FormulaFlag="0" UseInTot="0" UseInRes="0" ResultDispSeq="0" ReadOnly="0" LocFlag="0" NoAutoPop="0" GenOnCrt="0" FullPath="0" DepListFlag="0" BaseCurField="0" RefResultDispSeq="0" MFieldSeq="0" Size="0.0" DateDefNum="0" StageField="0"><Name><![CDATA[triStatusCL]]></Name><Description><![CDATA[Status]]></Description><Purpose /><Type><![CDATA[Classification]]></Type><Label><![CDATA[Status]]></Label><DVal /><Validation /><Required><![CDATA[N]]></Required><FormulaType><![CDATA[R]]></FormulaType><UomTypeName /><Uom /><RollUpType /><LTab><![CDATA[General]]></LTab><LSec><![CDATA[General]]></LSec><SubType /><Association /><Format /><RollUpSource /><ClassificationRoot><![CDATA[\Classifications\Status]]></ClassificationRoot></Field><Field UomType="-1" HierClsType="0" EditUomType="0" MField="1" FieldLiveLink="0" FormulaFlag="0" UseInTot="0" UseInRes="1" ResultDispSeq="1" ReadOnly="0" LocFlag="0" NoAutoPop="1" GenOnCrt="0" FullPath="0" DepListFlag="0" BaseCurField="0" RefResultDispSeq="0" MFieldSeq="1" Size="150.0" DateDefNum="0" StageField="1"><Name><![CDATA[devDataSourceNameTX]]></Name><Description><![CDATA[Name of the Data Source.]]></Description><Purpose><![CDATA[Data Source Name]]></Purpose><Type><![CDATA[Text]]></Type><Label><![CDATA[Name]]></Label><DVal /><Validation /><Required><![CDATA[Y]]></Required><FormulaType><![CDATA[R]]></FormulaType><UomTypeName /><Uom /><RollUpType /><LTab><![CDATA[General]]></LTab><LSec><![CDATA[General]]></LSec><SubType /><Association /><Format /><RollUpSource /></Field><Field UomType="-1" HierClsType="0" EditUomType="0" MField="1" FieldLiveLink="0" FormulaFlag="0" UseInTot="0" UseInRes="1" ResultDispSeq="0" ReadOnly="0" LocFlag="0" NoAutoPop="1" GenOnCrt="0" FullPath="0" DepListFlag="0" BaseCurField="0" RefResultDispSeq="0" MFieldSeq="0" Size="150.0" DateDefNum="0" StageField="1"><Name><![CDATA[devDataSourceIdTX]]></Name><Description><![CDATA[Identifier for the Data Source.]]></Description><Purpose><![CDATA[Data Source Identifier]]></Purpose><Type><![CDATA[Text]]></Type><Label><![CDATA[ID]]></Label><DVal /><Validation /><Required><![CDATA[N]]></Required><FormulaType><![CDATA[R]]></FormulaType><UomTypeName /><Uom /><RollUpType /><LTab><![CDATA[General]]></LTab><LSec><![CDATA[General]]></LSec><SubType /><Association /><Format /><RollUpSource /></Field><Field UomType="-1" HierClsType="0" EditUomType="0" MField="0" FieldLiveLink="0" FormulaFlag="0" UseInTot="0" UseInRes="0" ResultDispSeq="0" ReadOnly="0" LocFlag="0" NoAutoPop="1" GenOnCrt="0" FullPath="0" DepListFlag="0" BaseCurField="0" RefResultDispSeq="0" MFieldSeq="0" Size="1000.0" DateDefNum="0" StageField="0"><Name><![CDATA[devDataSourceDescriptionTX]]></Name><Description><![CDATA[A description of the Data Source.]]></Description><Purpose><![CDATA[Data Source Description]]></Purpose><Type><![CDATA[Text]]></Type><Label><![CDATA[Description]]></Label><DVal /><Validation /><Required><![CDATA[N]]></Required><FormulaType><![CDATA[R]]></FormulaType><UomTypeName /><Uom /><RollUpType /><LTab><![CDATA[General]]></LTab><LSec><![CDATA[General]]></LSec><SubType /><Association /><Format /><RollUpSource /></Field></Fields></Section></Sections><StateTransitions><StateTransition CloseScr="1" Display="1" ReadOnly="0" Seq="2" StateSeq="0"><State><![CDATA[devActive]]></State><Action><![CDATA[devRetire]]></Action><NState><![CDATA[devRetired]]></NState><ActLabel><![CDATA[Retire]]></ActLabel><EJB /><Method /><SubLabels><SubLabel SLSeq="0" SLAuditAct="1"><SLName><![CDATA[Retire]]></SLName><SLFields><SLField><SLFieldVal><![CDATA[Retired]]></SLFieldVal><SLFieldName><![CDATA[triStatusCL]]></SLFieldName><SLFieldSecName><![CDATA[General]]></SLFieldSecName></SLField></SLFields><SLIncExcs><SLIncExc SLIncExcType="I"><SLIncExcAct><![CDATA[Retire]]></SLIncExcAct></SLIncExc><SLIncExc SLIncExcType="I"><SLIncExcAct><![CDATA[Save]]></SLIncExcAct></SLIncExc><SLIncExc SLIncExcType="I"><SLIncExcAct><![CDATA[Save & Close]]></SLIncExcAct></SLIncExc></SLIncExcs></SubLabel></SubLabels></StateTransition><StateTransition CloseScr="0" Display="1" ReadOnly="0" Seq="3" StateSeq="0"><State><![CDATA[devActive]]></State><Action><![CDATA[devSave]]></Action><NState><![CDATA[devActive]]></NState><ActLabel><![CDATA[Save]]></ActLabel><EJB /><Method /><SubLabels><SubLabel SLSeq="0" SLAuditAct="1"><SLName><![CDATA[Save]]></SLName></SubLabel></SubLabels></StateTransition><StateTransition CloseScr="1" Display="1" ReadOnly="0" Seq="4" StateSeq="0"><State><![CDATA[devActive]]></State><Action><![CDATA[devSaveAndClose]]></Action><NState><![CDATA[devActive]]></NState><ActLabel><![CDATA[Save & Close]]></ActLabel><EJB /><Method /><SubLabels><SubLabel SLSeq="0" SLAuditAct="1"><SLName><![CDATA[Save & Close]]></SLName></SubLabel></SubLabels></StateTransition><StateTransition CloseScr="0" Display="1" ReadOnly="1" Seq="0" StateSeq="0"><State><![CDATA[devRetired]]></State><Action><![CDATA[devUnRetire]]></Action><NState><![CDATA[devActive]]></NState><ActLabel><![CDATA[UnRetire]]></ActLabel><EJB /><Method /><SubLabels><SubLabel SLSeq="0" SLAuditAct="1"><SLName><![CDATA[UnRetire]]></SLName><SLFields><SLField><SLFieldVal><![CDATA[Active]]></SLFieldVal><SLFieldName><![CDATA[triStatusCL]]></SLFieldName><SLFieldSecName><![CDATA[General]]></SLFieldSecName></SLField></SLFields><SLIncExcs><SLIncExc SLIncExcType="I"><SLIncExcAct><![CDATA[Delete]]></SLIncExcAct></SLIncExc><SLIncExc SLIncExcType="I"><SLIncExcAct><![CDATA[UnRetire]]></SLIncExcAct></SLIncExc></SLIncExcs></SubLabel></SubLabels></StateTransition><StateTransition CloseScr="1" Display="1" ReadOnly="1" Seq="1" StateSeq="0"><State><![CDATA[devRetired]]></State><Action><![CDATA[devDelete]]></Action><NState><![CDATA[null]]></NState><ActLabel><![CDATA[Delete]]></ActLabel><EJB /><Method /><SubLabels><SubLabel SLSeq="0" SLAuditAct="1"><SLName><![CDATA[Delete]]></SLName></SubLabel></SubLabels></StateTransition><StateTransition CloseScr="1" Display="1" ReadOnly="0" Seq="5" StateSeq="0"><State><![CDATA[null]]></State><Action><![CDATA[devCreate]]></Action><NState><![CDATA[devActive]]></NState><ActLabel><![CDATA[Create]]></ActLabel><EJB /><Method /><SubLabels><SubLabel SLSeq="0" SLAuditAct="1"><SLName><![CDATA[Create]]></SLName><SLWF><![CDATA[devDataSource - Synchronous - Populate ID]]></SLWF><SLWFBO><![CDATA[devDataSource]]></SLWFBO><SLWFMod><![CDATA[devExhibit]]></SLWFMod><SLFields><SLField><SLFieldVal><![CDATA[Active]]></SLFieldVal><SLFieldName><![CDATA[triStatusCL]]></SLFieldName><SLFieldSecName><![CDATA[General]]></SLFieldSecName></SLField></SLFields><SLIncExcs><SLIncExc SLIncExcType="I"><SLIncExcAct><![CDATA[Create]]></SLIncExcAct></SLIncExc></SLIncExcs></SubLabel></SubLabels></StateTransition></StateTransitions><Mappings CntrlNumPref="0" CntrlNumStart="1000000"><CntrlNumDelim><![CDATA[-]]></CntrlNumDelim><NameMap><Map MapType="1" MapFieldSystemFlag="0"><MapField><![CDATA[devDataSourceIdTX]]></MapField><MapFieldSec><![CDATA[General]]></MapFieldSec><MapFieldLbl><![CDATA[ID]]></MapFieldLbl></Map></NameMap><ImageMap><Map MapType="0"><MapField><![CDATA[Image]]></MapField><MapFieldSec /><MapFieldLbl><![CDATA[Image]]></MapFieldLbl></Map></ImageMap><PrefixMap><Map MapType="0"><MapField><![CDATA[SOURCE]]></MapField><MapFieldSec /><MapFieldLbl><![CDATA[SOURCE]]></MapFieldLbl></Map></PrefixMap></Mappings></BO>
