<?xml version="1.0" encoding="UTF-8"?>
<GUI><GUIHeader AssocTab="1" Sched="0" Type="0" Audit="0" AuditAction="0" Approval="0" SingTab="0" WFTab="0" PrintTab="0" Default="1" ExcelCal="0"><Module><![CDATA[devExhibit]]></Module><BoName><![CDATA[devDataSource]]></BoName><Name><![CDATA[devDataSource]]></Name><Label><![CDATA[Exhibit Data Source]]></Label></GUIHeader><Tabs><Tab TId="1" Seq="1" Visible="1" Custom="0"><TName><![CDATA[devGeneral]]></TName><TLabel><![CDATA[General]]></TLabel><THeader /><TComment /><TURL /><AccessKey /><TStyle /><Sections><Section SId="1" Type="0" Seq="0" SRow="1" SCol="1" RSpan="1" CSpan="12" Visible="1" ROnly="0" ShowEmbeddedLink="0" ParentSecId="-1" ShowHdr="1" BorderSize="0" Height="0" Input="0" ShowAdd="0" FinRep="0" SingleSelect="0" RefreshTime="0" FixedColCnt="0"><Name><![CDATA[devGeneral]]></Name><Label><![CDATA[General]]></Label><Association /><SelectAssociation /><DDSecName /><BGround /><TitleColor /><BorderColor /><SStyle /><Fields><Field FId="1" SRow="1" RSpan="1" SCol="1" CSpan="1" NoLabel="0" Size="150" ROnly="0" Border="1" Visible="1" ShowUom="0" GroupSeq="0" Width="0" TabOrder="0" MinSize="0" MaxSize="0" FldPos="0" DAlign="0" UIType="0" AtrSeq="1023" IconPos="0"><Name><![CDATA[devDataSourceNameTX]]></Name><Type><![CDATA[Text]]></Type><Label><![CDATA[Name]]></Label><Required><![CDATA[Y]]></Required><DDFieldName><![CDATA[devDataSourceNameTX]]></DDFieldName><DDFldSecName><![CDATA[General]]></DDFldSecName><LFont><![CDATA[Trebuchet]]></LFont><LColor><![CDATA[#000000]]></LColor><LSize><![CDATA[10]]></LSize><LWeight><![CDATA[Bold]]></LWeight><SubType /><Format /><LabStyle /><DataStyle><![CDATA[dataStyleClass1]]></DataStyle><Prefix /><FldColor /></Field><Field FId="2" SRow="1" RSpan="1" SCol="2" CSpan="1" NoLabel="0" Size="-1" ROnly="0" Border="1" Visible="1" ShowUom="0" GroupSeq="0" Width="0" TabOrder="0" MinSize="0" MaxSize="0" FldPos="0" DAlign="0" UIType="-1" AtrSeq="1024" IconPos="0"><Name><![CDATA[devDataSourceIdTX]]></Name><Type><![CDATA[Text]]></Type><Label><![CDATA[ID]]></Label><Required><![CDATA[N]]></Required><DDFieldName><![CDATA[devDataSourceIdTX]]></DDFieldName><DDFldSecName><![CDATA[General]]></DDFldSecName><LFont><![CDATA[Trebuchet]]></LFont><LColor><![CDATA[#000000]]></LColor><LSize><![CDATA[10]]></LSize><LWeight><![CDATA[bold]]></LWeight><SubType /><Format /><LabStyle /><DataStyle><![CDATA[dataStyleClass1]]></DataStyle><Prefix /><FldColor /></Field><Field FId="8" SRow="5" RSpan="2" SCol="1" CSpan="2" NoLabel="0" Size="-1" ROnly="0" Border="1" Visible="1" ShowUom="0" GroupSeq="0" Width="0" TabOrder="0" MinSize="0" MaxSize="0" FldPos="0" DAlign="0" UIType="-1" AtrSeq="1026" IconPos="0"><Name><![CDATA[devDataSourceDescriptionTX]]></Name><Type><![CDATA[Text]]></Type><Label><![CDATA[Description]]></Label><Required><![CDATA[N]]></Required><DDFieldName><![CDATA[devDataSourceDescriptionTX]]></DDFieldName><DDFldSecName><![CDATA[General]]></DDFldSecName><LFont><![CDATA[Trebuchet]]></LFont><LColor><![CDATA[#000000]]></LColor><LSize><![CDATA[10]]></LSize><LWeight><![CDATA[bold]]></LWeight><SubType /><Format /><LabStyle /><DataStyle><![CDATA[dataStyleClass1]]></DataStyle><Prefix /><FldColor /></Field><Field FId="3" SRow="10" RSpan="1" SCol="1" CSpan="1" NoLabel="0" Size="-1" ROnly="0" Border="1" Visible="1" ShowUom="0" GroupSeq="0" Width="0" TabOrder="0" MinSize="0" MaxSize="0" FldPos="0" DAlign="0" UIType="-1" AtrSeq="1018" IconPos="0"><Name><![CDATA[devTypeTX]]></Name><Type><![CDATA[Text]]></Type><Label><![CDATA[Type]]></Label><Required><![CDATA[Y]]></Required><DDFieldName><![CDATA[devTypeTX]]></DDFieldName><DDFldSecName><![CDATA[General]]></DDFldSecName><LFont><![CDATA[Trebuchet]]></LFont><LColor><![CDATA[#000000]]></LColor><LSize><![CDATA[10]]></LSize><LWeight><![CDATA[bold]]></LWeight><SubType /><Format /><LabStyle /><DataStyle><![CDATA[dataStyleClass1]]></DataStyle><Prefix /><FldColor /></Field><Field FId="4" SRow="10" RSpan="1" SCol="2" CSpan="1" NoLabel="0" Size="-1" ROnly="0" Border="1" Visible="1" ShowUom="0" GroupSeq="0" Width="0" TabOrder="0" MinSize="0" MaxSize="0" FldPos="0" DAlign="0" UIType="-1" AtrSeq="1019" IconPos="0"><Name><![CDATA[devPluralTX]]></Name><Type><![CDATA[Text]]></Type><Label><![CDATA[Plural Label]]></Label><Required><![CDATA[N]]></Required><DDFieldName><![CDATA[devPluralTX]]></DDFieldName><DDFldSecName><![CDATA[General]]></DDFldSecName><LFont><![CDATA[Trebuchet]]></LFont><LColor><![CDATA[#000000]]></LColor><LSize><![CDATA[10]]></LSize><LWeight><![CDATA[bold]]></LWeight><SubType /><Format /><LabStyle /><DataStyle><![CDATA[dataStyleClass1]]></DataStyle><Prefix /><FldColor /></Field><Field FId="5" SRow="15" RSpan="1" SCol="1" CSpan="1" NoLabel="0" Size="-1" ROnly="0" Border="1" Visible="1" ShowUom="0" GroupSeq="0" Width="0" TabOrder="0" MinSize="0" MaxSize="0" FldPos="0" DAlign="0" UIType="-1" AtrSeq="1020" IconPos="0"><Name><![CDATA[devModuleTX]]></Name><Type><![CDATA[Text]]></Type><Label><![CDATA[Module]]></Label><Required><![CDATA[Y]]></Required><DDFieldName><![CDATA[devModuleTX]]></DDFieldName><DDFldSecName><![CDATA[General]]></DDFldSecName><LFont><![CDATA[Trebuchet]]></LFont><LColor><![CDATA[#000000]]></LColor><LSize><![CDATA[10]]></LSize><LWeight><![CDATA[bold]]></LWeight><SubType /><Format /><LabStyle /><DataStyle><![CDATA[dataStyleClass1]]></DataStyle><Prefix /><FldColor /></Field><Field FId="6" SRow="15" RSpan="1" SCol="2" CSpan="1" NoLabel="0" Size="-1" ROnly="0" Border="1" Visible="1" ShowUom="0" GroupSeq="0" Width="0" TabOrder="0" MinSize="0" MaxSize="0" FldPos="0" DAlign="0" UIType="-1" AtrSeq="1021" IconPos="0"><Name><![CDATA[devBusinessObjectTX]]></Name><Type><![CDATA[Text]]></Type><Label><![CDATA[Business Object]]></Label><Required><![CDATA[Y]]></Required><DDFieldName><![CDATA[devBusinessObjectTX]]></DDFieldName><DDFldSecName><![CDATA[General]]></DDFldSecName><LFont><![CDATA[Trebuchet]]></LFont><LColor><![CDATA[#000000]]></LColor><LSize><![CDATA[10]]></LSize><LWeight><![CDATA[bold]]></LWeight><SubType /><Format /><LabStyle /><DataStyle><![CDATA[dataStyleClass1]]></DataStyle><Prefix /><FldColor /></Field><Field FId="7" SRow="20" RSpan="1" SCol="1" CSpan="2" NoLabel="0" Size="-1" ROnly="0" Border="1" Visible="1" ShowUom="0" GroupSeq="0" Width="0" TabOrder="0" MinSize="0" MaxSize="0" FldPos="0" DAlign="0" UIType="-1" AtrSeq="1022" IconPos="0"><Name><![CDATA[devQueryTX]]></Name><Type><![CDATA[Text]]></Type><Label><![CDATA[Query/Report]]></Label><Required><![CDATA[Y]]></Required><DDFieldName><![CDATA[devQueryTX]]></DDFieldName><DDFldSecName><![CDATA[General]]></DDFldSecName><LFont><![CDATA[Trebuchet]]></LFont><LColor><![CDATA[#000000]]></LColor><LSize><![CDATA[10]]></LSize><LWeight><![CDATA[bold]]></LWeight><SubType /><Format /><LabStyle /><DataStyle><![CDATA[dataStyleClass1]]></DataStyle><Prefix /><FldColor /></Field></Fields></Section><Section SId="2" Type="7" Seq="0" SRow="2" SCol="1" RSpan="1" CSpan="12" Visible="1" ROnly="0" ShowEmbeddedLink="0" ParentSecId="-1" ShowHdr="1" BorderSize="0" Height="0" Input="0" ShowAdd="1" FinRep="1" SingleSelect="0" RefreshTime="0" FixedColCnt="0"><Name><![CDATA[devProperties]]></Name><Label><![CDATA[Property Definitions]]></Label><Association><![CDATA[Has Item]]></Association><SelectAssociation><![CDATA[sectionCustomAction]]></SelectAssociation><DDSecName /><BGround /><TitleColor /><BorderColor /><SStyle /><SecSrcName><![CDATA[devProperty - Associated to Current Data Source]]></SecSrcName><SecSrcBOName><![CDATA[devProperty]]></SecSrcBOName><SecSrcModName><![CDATA[devExhibit]]></SecSrcModName><CActions><CAction Seq="1" SeqId="3" ActTypeId="3" ActType="1" Visible="1" Active="1" SingleSelect="0" PermAssoc="1" SaveOnPopup="0"><ActLabel><![CDATA[Find]]></ActLabel><TempAssociation><![CDATA[Has Item]]></TempAssociation><AccessKey /><PopupName><![CDATA[devProperty - Find Property Definition]]></PopupName><PopupBoName><![CDATA[devProperty]]></PopupBoName><PopupModName><![CDATA[devExhibit]]></PopupModName></CAction><CAction Seq="2" SeqId="2" ActTypeId="1" ActType="0" Visible="1" Active="1" SingleSelect="0" PermAssoc="0" SaveOnPopup="0"><ActLabel><![CDATA[Remove]]></ActLabel><TempAssociation /><AccessKey /><PopupName><![CDATA[javascript:postHiddenForm('750000','750230','-1','-1', 0,'2')]]></PopupName></CAction><CAction Seq="3" SeqId="1" ActTypeId="1" ActType="1" Visible="0" Active="0" SingleSelect="0" PermAssoc="0" SaveOnPopup="0"><ActLabel><![CDATA[systemFind]]></ActLabel><TempAssociation /><AccessKey /><PopupName><![CDATA[/html/en/default/common/breakOutWithHeaders.jsp?winName=/WebProcess.srv?objectId=840000&actionId=750812]]></PopupName></CAction></CActions></Section></Sections></Tab></Tabs><StateTransitions><StateTransition CloseScr="1" Display="1" ReadOnly="0" Seq="2" StateSeq="0" NStateSeq="0" TabId="0"><State><![CDATA[devActive]]></State><Action><![CDATA[devRetire]]></Action><NState><![CDATA[devRetired]]></NState><ActLabel><![CDATA[Retire]]></ActLabel><AccessKey /></StateTransition><StateTransition CloseScr="0" Display="1" ReadOnly="0" Seq="3" StateSeq="0" NStateSeq="0" TabId="0"><State><![CDATA[devActive]]></State><Action><![CDATA[devSave]]></Action><NState><![CDATA[devActive]]></NState><ActLabel><![CDATA[Save]]></ActLabel><AccessKey /></StateTransition><StateTransition CloseScr="1" Display="1" ReadOnly="0" Seq="4" StateSeq="0" NStateSeq="0" TabId="0"><State><![CDATA[devActive]]></State><Action><![CDATA[devSaveAndClose]]></Action><NState><![CDATA[devActive]]></NState><ActLabel><![CDATA[Save & Close]]></ActLabel><AccessKey /></StateTransition><StateTransition CloseScr="1" Display="1" ReadOnly="1" Seq="1" StateSeq="0" NStateSeq="0" TabId="0"><State><![CDATA[devRetired]]></State><Action><![CDATA[devDelete]]></Action><NState><![CDATA[null]]></NState><ActLabel><![CDATA[Delete]]></ActLabel><AccessKey /></StateTransition><StateTransition CloseScr="0" Display="1" ReadOnly="1" Seq="0" StateSeq="0" NStateSeq="0" TabId="0"><State><![CDATA[devRetired]]></State><Action><![CDATA[devUnRetire]]></Action><NState><![CDATA[devActive]]></NState><ActLabel><![CDATA[UnRetire]]></ActLabel><AccessKey /></StateTransition><StateTransition CloseScr="1" Display="1" ReadOnly="0" Seq="5" StateSeq="0" NStateSeq="0" TabId="0"><State><![CDATA[null]]></State><Action><![CDATA[devCreate]]></Action><NState><![CDATA[devActive]]></NState><ActLabel><![CDATA[Create]]></ActLabel><AccessKey /></StateTransition></StateTransitions></GUI>
