<?xml version="1.0" encoding="UTF-8"?>
<GUI><GUIHeader AssocTab="0" Sched="0" Type="0" Audit="0" AuditAction="0" Approval="0" SingTab="1" WFTab="0" PrintTab="0" Default="1" ExcelCal="0"><Module><![CDATA[devExhibit]]></Module><BoName><![CDATA[devProperty]]></BoName><Name><![CDATA[devProperty]]></Name><Label><![CDATA[Property Definition]]></Label></GUIHeader><Tabs><Tab TId="1" Seq="1" Visible="1" Custom="0"><TName><![CDATA[devGeneral]]></TName><TLabel><![CDATA[General]]></TLabel><THeader /><TComment /><TURL /><AccessKey /><TStyle /><Sections><Section SId="1" Type="0" Seq="0" SRow="1" SCol="1" RSpan="1" CSpan="12" Visible="1" ROnly="0" ShowEmbeddedLink="0" ParentSecId="-1" ShowHdr="1" BorderSize="0" Height="0" Input="0" ShowAdd="0" FinRep="0" SingleSelect="0" RefreshTime="0" FixedColCnt="0"><Name><![CDATA[devGeneral]]></Name><Label><![CDATA[General]]></Label><Association /><SelectAssociation /><DDSecName /><BGround /><TitleColor /><BorderColor /><SStyle /><Fields><Field FId="1" SRow="1" RSpan="1" SCol="1" CSpan="1" NoLabel="0" Size="150" ROnly="0" Border="1" Visible="1" ShowUom="0" GroupSeq="0" Width="0" TabOrder="0" MinSize="0" MaxSize="0" FldPos="0" DAlign="0" UIType="0" AtrSeq="1017" IconPos="0"><Name><![CDATA[devPropertyNameTX]]></Name><Type><![CDATA[Text]]></Type><Label><![CDATA[Name]]></Label><Required><![CDATA[Y]]></Required><DDFieldName><![CDATA[devPropertyNameTX]]></DDFieldName><DDFldSecName><![CDATA[General]]></DDFldSecName><LFont><![CDATA[Trebuchet]]></LFont><LColor><![CDATA[#000000]]></LColor><LSize><![CDATA[10]]></LSize><LWeight><![CDATA[Bold]]></LWeight><SubType /><Format /><LabStyle /><DataStyle><![CDATA[dataStyleClass1]]></DataStyle><Prefix /><FldColor /></Field><Field FId="2" SRow="1" RSpan="1" SCol="2" CSpan="1" NoLabel="0" Size="-1" ROnly="0" Border="1" Visible="1" ShowUom="0" GroupSeq="0" Width="0" TabOrder="0" MinSize="0" MaxSize="0" FldPos="0" DAlign="0" UIType="-1" AtrSeq="1021" IconPos="0"><Name><![CDATA[devPropertyIdTX]]></Name><Type><![CDATA[Text]]></Type><Label><![CDATA[ID]]></Label><Required><![CDATA[N]]></Required><DDFieldName><![CDATA[devPropertyIdTX]]></DDFieldName><DDFldSecName><![CDATA[General]]></DDFldSecName><LFont><![CDATA[Trebuchet]]></LFont><LColor><![CDATA[#000000]]></LColor><LSize><![CDATA[10]]></LSize><LWeight><![CDATA[bold]]></LWeight><SubType /><Format /><LabStyle /><DataStyle><![CDATA[dataStyleClass1]]></DataStyle><Prefix /><FldColor /></Field><Field FId="3" SRow="5" RSpan="1" SCol="1" CSpan="1" NoLabel="0" Size="-1" ROnly="0" Border="1" Visible="1" ShowUom="0" GroupSeq="0" Width="0" TabOrder="0" MinSize="0" MaxSize="0" FldPos="0" DAlign="0" UIType="1" AtrSeq="1020" IconPos="0"><Name><![CDATA[devValueTypeLI]]></Name><Type><![CDATA[List]]></Type><Label><![CDATA[Value Type]]></Label><Required><![CDATA[N]]></Required><DDFieldName><![CDATA[devValueTypeLI]]></DDFieldName><DDFldSecName><![CDATA[General]]></DDFldSecName><LFont><![CDATA[Trebuchet]]></LFont><LColor><![CDATA[#000000]]></LColor><LSize><![CDATA[10]]></LSize><LWeight><![CDATA[bold]]></LWeight><SubType /><Format /><LabStyle /><DataStyle><![CDATA[dataStyleClass1]]></DataStyle><Prefix /><FldColor /></Field><Field FId="4" SRow="10" RSpan="1" SCol="1" CSpan="1" NoLabel="0" Size="-1" ROnly="0" Border="1" Visible="1" ShowUom="0" GroupSeq="0" Width="0" TabOrder="0" MinSize="0" MaxSize="0" FldPos="0" DAlign="0" UIType="-1" AtrSeq="1018" IconPos="0"><Name><![CDATA[devPropertyLabelTX]]></Name><Type><![CDATA[Text]]></Type><Label><![CDATA[Label]]></Label><Required><![CDATA[N]]></Required><DDFieldName><![CDATA[devPropertyLabelTX]]></DDFieldName><DDFldSecName><![CDATA[General]]></DDFldSecName><LFont><![CDATA[Trebuchet]]></LFont><LColor><![CDATA[#000000]]></LColor><LSize><![CDATA[10]]></LSize><LWeight><![CDATA[bold]]></LWeight><SubType /><Format /><LabStyle /><DataStyle><![CDATA[dataStyleClass1]]></DataStyle><Prefix /><FldColor /></Field><Field FId="5" SRow="10" RSpan="1" SCol="2" CSpan="1" NoLabel="0" Size="-1" ROnly="0" Border="1" Visible="1" ShowUom="0" GroupSeq="0" Width="0" TabOrder="0" MinSize="0" MaxSize="0" FldPos="0" DAlign="0" UIType="-1" AtrSeq="1019" IconPos="0"><Name><![CDATA[devReverseLabelTX]]></Name><Type><![CDATA[Text]]></Type><Label><![CDATA[Reverse Label]]></Label><Required><![CDATA[N]]></Required><DDFieldName><![CDATA[devReverseLabelTX]]></DDFieldName><DDFldSecName><![CDATA[General]]></DDFldSecName><LFont><![CDATA[Trebuchet]]></LFont><LColor><![CDATA[#000000]]></LColor><LSize><![CDATA[10]]></LSize><LWeight><![CDATA[bold]]></LWeight><SubType /><Format /><LabStyle /><DataStyle><![CDATA[dataStyleClass1]]></DataStyle><Prefix /><FldColor /></Field></Fields></Section></Sections></Tab></Tabs><StateTransitions><StateTransition CloseScr="1" Display="1" ReadOnly="0" Seq="1" StateSeq="0" NStateSeq="0" TabId="0"><State><![CDATA[devActive]]></State><Action><![CDATA[devDelete]]></Action><NState><![CDATA[null]]></NState><ActLabel><![CDATA[Delete]]></ActLabel><AccessKey /></StateTransition><StateTransition CloseScr="0" Display="1" ReadOnly="0" Seq="2" StateSeq="0" NStateSeq="0" TabId="0"><State><![CDATA[devActive]]></State><Action><![CDATA[devSave]]></Action><NState><![CDATA[devActive]]></NState><ActLabel><![CDATA[Save]]></ActLabel><AccessKey /></StateTransition><StateTransition CloseScr="1" Display="1" ReadOnly="0" Seq="3" StateSeq="0" NStateSeq="0" TabId="0"><State><![CDATA[devActive]]></State><Action><![CDATA[devSaveAndClose]]></Action><NState><![CDATA[devActive]]></NState><ActLabel><![CDATA[Save & Close]]></ActLabel><AccessKey /></StateTransition><StateTransition CloseScr="1" Display="1" ReadOnly="0" Seq="0" StateSeq="0" NStateSeq="0" TabId="0"><State><![CDATA[null]]></State><Action><![CDATA[devCreate]]></Action><NState><![CDATA[devActive]]></NState><ActLabel><![CDATA[Create]]></ActLabel><AccessKey /></StateTransition></StateTransitions></GUI>
