<?xml version="1.0" encoding="UTF-8"?>
<GUI><GUIHeader AssocTab="1" Sched="0" Type="0" Audit="0" AuditAction="0" Approval="0" SingTab="0" WFTab="0" PrintTab="0" Default="1" ExcelCal="0"><Module><![CDATA[devExhibit]]></Module><BoName><![CDATA[devExhibit]]></BoName><Name><![CDATA[devExhibit]]></Name><Label><![CDATA[Exhibit]]></Label></GUIHeader><Tabs><Tab TId="1" Seq="1" Visible="1" Custom="0"><TName><![CDATA[devGeneral]]></TName><TLabel><![CDATA[General]]></TLabel><THeader /><TComment /><TURL /><AccessKey /><TStyle /><Sections><Section SId="1" Type="0" Seq="0" SRow="1" SCol="1" RSpan="1" CSpan="12" Visible="1" ROnly="0" ShowEmbeddedLink="0" ParentSecId="-1" ShowHdr="1" BorderSize="0" Height="0" Input="0" ShowAdd="0" FinRep="0" SingleSelect="0" RefreshTime="0" FixedColCnt="0"><Name><![CDATA[devGeneral]]></Name><Label><![CDATA[General]]></Label><Association /><SelectAssociation /><DDSecName /><BGround /><TitleColor /><BorderColor /><SStyle /><Fields><Field FId="1" SRow="1" RSpan="1" SCol="1" CSpan="1" NoLabel="0" Size="150" ROnly="0" Border="1" Visible="1" ShowUom="0" GroupSeq="0" Width="0" TabOrder="0" MinSize="0" MaxSize="0" FldPos="0" DAlign="0" UIType="0" AtrSeq="1017" IconPos="0"><Name><![CDATA[devExhibitNameTX]]></Name><Type><![CDATA[Text]]></Type><Label><![CDATA[Name]]></Label><Required><![CDATA[Y]]></Required><DDFieldName><![CDATA[devExhibitNameTX]]></DDFieldName><DDFldSecName><![CDATA[General]]></DDFldSecName><LFont><![CDATA[Trebuchet]]></LFont><LColor><![CDATA[#000000]]></LColor><LSize><![CDATA[10]]></LSize><LWeight><![CDATA[Bold]]></LWeight><SubType /><Format /><LabStyle /><DataStyle><![CDATA[dataStyleClass1]]></DataStyle><Prefix /><FldColor /></Field><Field FId="7" SRow="1" RSpan="1" SCol="2" CSpan="1" NoLabel="0" Size="-1" ROnly="1" Border="0" Visible="1" ShowUom="0" GroupSeq="0" Width="0" TabOrder="0" MinSize="0" MaxSize="0" FldPos="0" DAlign="0" UIType="-1" AtrSeq="1018" IconPos="0"><Name><![CDATA[triStatusCL]]></Name><Type><![CDATA[Classification]]></Type><Label><![CDATA[Status]]></Label><Required><![CDATA[N]]></Required><DDFieldName><![CDATA[triStatusCL]]></DDFieldName><DDFldSecName><![CDATA[General]]></DDFldSecName><LFont><![CDATA[Trebuchet]]></LFont><LColor><![CDATA[#000000]]></LColor><LSize><![CDATA[10]]></LSize><LWeight><![CDATA[bold]]></LWeight><SubType /><Format /><LabStyle /><DataStyle><![CDATA[dataStyleClass1]]></DataStyle><Prefix /><FldColor /></Field><Field FId="2" SRow="3" RSpan="1" SCol="1" CSpan="2" NoLabel="0" Size="-1" ROnly="0" Border="1" Visible="1" ShowUom="0" GroupSeq="0" Width="0" TabOrder="0" MinSize="0" MaxSize="0" FldPos="0" DAlign="0" UIType="-1" AtrSeq="1004" IconPos="0"><Name><![CDATA[devDocumentTX]]></Name><Type><![CDATA[Text]]></Type><Label><![CDATA[Display Document]]></Label><Required><![CDATA[N]]></Required><DDFieldName><![CDATA[devDocumentTX]]></DDFieldName><DDFldSecName><![CDATA[General]]></DDFldSecName><LFont><![CDATA[Trebuchet]]></LFont><LColor><![CDATA[#000000]]></LColor><LSize><![CDATA[10]]></LSize><LWeight><![CDATA[bold]]></LWeight><SubType /><Format /><LabStyle /><DataStyle><![CDATA[dataStyleClass1]]></DataStyle><Prefix /><FldColor /><QryName><![CDATA[Document - Locator Query for Exhibit]]></QryName><QryBoName><![CDATA[Document]]></QryBoName><QryModName><![CDATA[Document]]></QryModName></Field><Field FId="5" SRow="5" RSpan="2" SCol="1" CSpan="2" NoLabel="0" Size="-1" ROnly="0" Border="1" Visible="1" ShowUom="0" GroupSeq="0" Width="0" TabOrder="0" MinSize="0" MaxSize="0" FldPos="0" DAlign="0" UIType="-1" AtrSeq="1019" IconPos="0"><Name><![CDATA[devExhibitDescriptionTX]]></Name><Type><![CDATA[Text]]></Type><Label><![CDATA[Description]]></Label><Required><![CDATA[N]]></Required><DDFieldName><![CDATA[devExhibitDescriptionTX]]></DDFieldName><DDFldSecName><![CDATA[General]]></DDFldSecName><LFont><![CDATA[Trebuchet]]></LFont><LColor><![CDATA[#000000]]></LColor><LSize><![CDATA[10]]></LSize><LWeight><![CDATA[bold]]></LWeight><SubType /><Format /><LabStyle /><DataStyle><![CDATA[dataStyleClass1]]></DataStyle><Prefix /><FldColor /></Field><Field FId="3" SRow="10" RSpan="1" SCol="1" CSpan="1" NoLabel="0" Size="-1" ROnly="0" Border="1" Visible="1" ShowUom="0" GroupSeq="0" Width="0" TabOrder="0" MinSize="0" MaxSize="0" FldPos="0" DAlign="0" UIType="-1" AtrSeq="1002" IconPos="0"><Name><![CDATA[devUsernameTX]]></Name><Type><![CDATA[Text]]></Type><Label><![CDATA[Username]]></Label><Required><![CDATA[N]]></Required><DDFieldName><![CDATA[devUsernameTX]]></DDFieldName><DDFldSecName><![CDATA[General]]></DDFldSecName><LFont><![CDATA[Trebuchet]]></LFont><LColor><![CDATA[#000000]]></LColor><LSize><![CDATA[10]]></LSize><LWeight><![CDATA[bold]]></LWeight><SubType /><Format /><LabStyle /><DataStyle><![CDATA[dataStyleClass1]]></DataStyle><Prefix /><FldColor /></Field><Field FId="4" SRow="10" RSpan="1" SCol="2" CSpan="1" NoLabel="0" Size="-1" ROnly="0" Border="1" Visible="1" ShowUom="0" GroupSeq="0" Width="0" TabOrder="0" MinSize="0" MaxSize="0" FldPos="0" DAlign="0" UIType="-1" AtrSeq="1003" IconPos="0"><Name><![CDATA[devPasswordPA]]></Name><Type><![CDATA[Password]]></Type><Label><![CDATA[Password]]></Label><Required><![CDATA[N]]></Required><DDFieldName><![CDATA[devPasswordPA]]></DDFieldName><DDFldSecName><![CDATA[General]]></DDFldSecName><LFont><![CDATA[Trebuchet]]></LFont><LColor><![CDATA[#000000]]></LColor><LSize><![CDATA[10]]></LSize><LWeight><![CDATA[bold]]></LWeight><SubType /><Format /><LabStyle /><DataStyle><![CDATA[dataStyleClass1]]></DataStyle><Prefix /><FldColor /></Field><Field FId="6" SRow="15" RSpan="1" SCol="1" CSpan="1" NoLabel="0" Size="4" ROnly="0" Border="1" Visible="1" ShowUom="0" GroupSeq="0" Width="0" TabOrder="0" MinSize="0" MaxSize="0" FldPos="0" DAlign="0" UIType="-1" AtrSeq="1020" IconPos="0"><Name><![CDATA[devCacheTimeNU]]></Name><Type><![CDATA[Number]]></Type><Label><![CDATA[Cache Minutes]]></Label><Required><![CDATA[N]]></Required><DDFieldName><![CDATA[devCacheTimeNU]]></DDFieldName><DDFldSecName><![CDATA[General]]></DDFldSecName><LFont><![CDATA[Trebuchet]]></LFont><LColor><![CDATA[#000000]]></LColor><LSize><![CDATA[10]]></LSize><LWeight><![CDATA[bold]]></LWeight><SubType /><Format /><LabStyle /><DataStyle><![CDATA[dataStyleClass1]]></DataStyle><Prefix /><FldColor /></Field></Fields></Section><Section SId="2" Type="7" Seq="0" SRow="2" SCol="1" RSpan="1" CSpan="12" Visible="1" ROnly="0" ShowEmbeddedLink="0" ParentSecId="-1" ShowHdr="1" BorderSize="0" Height="0" Input="0" ShowAdd="1" FinRep="1" SingleSelect="0" RefreshTime="0" FixedColCnt="0"><Name><![CDATA[devDataSources]]></Name><Label><![CDATA[Data Sources]]></Label><Association><![CDATA[Uses]]></Association><SelectAssociation><![CDATA[sectionCustomAction]]></SelectAssociation><DDSecName /><BGround /><TitleColor /><BorderColor /><SStyle /><SecSrcName><![CDATA[devDataSource - Associated to Current Exhibit]]></SecSrcName><SecSrcBOName><![CDATA[devDataSource]]></SecSrcBOName><SecSrcModName><![CDATA[devExhibit]]></SecSrcModName><CActions><CAction Seq="1" SeqId="3" ActTypeId="3" ActType="1" Visible="1" Active="1" SingleSelect="0" PermAssoc="1" SaveOnPopup="0"><ActLabel><![CDATA[Find]]></ActLabel><TempAssociation><![CDATA[Uses]]></TempAssociation><AccessKey /><PopupName><![CDATA[devDataSource - Find Data Source]]></PopupName><PopupBoName><![CDATA[devDataSource]]></PopupBoName><PopupModName><![CDATA[devExhibit]]></PopupModName></CAction><CAction Seq="2" SeqId="2" ActTypeId="1" ActType="0" Visible="1" Active="1" SingleSelect="0" PermAssoc="0" SaveOnPopup="0"><ActLabel><![CDATA[Remove]]></ActLabel><TempAssociation /><AccessKey /><PopupName><![CDATA[javascript:postHiddenForm('750000','750230','-1','-1', 0,'2')]]></PopupName></CAction><CAction Seq="3" SeqId="1" ActTypeId="1" ActType="1" Visible="0" Active="0" SingleSelect="0" PermAssoc="0" SaveOnPopup="0"><ActLabel><![CDATA[systemFind]]></ActLabel><TempAssociation /><AccessKey /><PopupName><![CDATA[/html/en/default/common/breakOutWithHeaders.jsp?winName=/WebProcess.srv?objectId=840000&actionId=750812]]></PopupName></CAction></CActions></Section></Sections></Tab></Tabs><StateTransitions><StateTransition CloseScr="1" Display="1" ReadOnly="0" Seq="4" StateSeq="0" NStateSeq="0" TabId="0"><State><![CDATA[devDraft]]></State><Action><![CDATA[devPublish]]></Action><NState><![CDATA[devPublished]]></NState><ActLabel><![CDATA[Publish]]></ActLabel><AccessKey /></StateTransition><StateTransition CloseScr="1" Display="1" ReadOnly="0" Seq="5" StateSeq="0" NStateSeq="0" TabId="0"><State><![CDATA[devDraft]]></State><Action><![CDATA[devRetire]]></Action><NState><![CDATA[devRetired]]></NState><ActLabel><![CDATA[Retire]]></ActLabel><AccessKey /></StateTransition><StateTransition CloseScr="0" Display="1" ReadOnly="0" Seq="6" StateSeq="0" NStateSeq="0" TabId="0"><State><![CDATA[devDraft]]></State><Action><![CDATA[devSave]]></Action><NState><![CDATA[devDraft]]></NState><ActLabel><![CDATA[Save]]></ActLabel><AccessKey /></StateTransition><StateTransition CloseScr="1" Display="1" ReadOnly="0" Seq="7" StateSeq="0" NStateSeq="0" TabId="0"><State><![CDATA[devDraft]]></State><Action><![CDATA[devSaveAndClose]]></Action><NState><![CDATA[devDraft]]></NState><ActLabel><![CDATA[Save & Close]]></ActLabel><AccessKey /></StateTransition><StateTransition CloseScr="1" Display="1" ReadOnly="1" Seq="3" StateSeq="0" NStateSeq="0" TabId="0"><State><![CDATA[devPublished]]></State><Action><![CDATA[devRetire]]></Action><NState><![CDATA[devRetired]]></NState><ActLabel><![CDATA[Retire]]></ActLabel><AccessKey /></StateTransition><StateTransition CloseScr="0" Display="1" ReadOnly="1" Seq="2" StateSeq="0" NStateSeq="0" TabId="0"><State><![CDATA[devPublished]]></State><Action><![CDATA[devRevise]]></Action><NState><![CDATA[devDraft]]></NState><ActLabel><![CDATA[Revise]]></ActLabel><AccessKey /></StateTransition><StateTransition CloseScr="1" Display="1" ReadOnly="1" Seq="10" StateSeq="0" NStateSeq="0" TabId="0"><State><![CDATA[devRetired]]></State><Action><![CDATA[devDelete]]></Action><NState><![CDATA[null]]></NState><ActLabel><![CDATA[Delete]]></ActLabel><AccessKey /></StateTransition><StateTransition CloseScr="1" Display="1" ReadOnly="1" Seq="9" StateSeq="0" NStateSeq="0" TabId="0"><State><![CDATA[devRetired]]></State><Action><![CDATA[devPublish]]></Action><NState><![CDATA[devPublished]]></NState><ActLabel><![CDATA[Publish]]></ActLabel><AccessKey /></StateTransition><StateTransition CloseScr="0" Display="1" ReadOnly="1" Seq="8" StateSeq="0" NStateSeq="0" TabId="0"><State><![CDATA[devRetired]]></State><Action><![CDATA[devRevise]]></Action><NState><![CDATA[devDraft]]></NState><ActLabel><![CDATA[Revise]]></ActLabel><AccessKey /></StateTransition><StateTransition CloseScr="0" Display="1" ReadOnly="0" Seq="1" StateSeq="0" NStateSeq="0" TabId="0"><State><![CDATA[null]]></State><Action><![CDATA[devCreateDraft]]></Action><NState><![CDATA[devDraft]]></NState><ActLabel><![CDATA[Create Draft]]></ActLabel><AccessKey /></StateTransition><StateTransition CloseScr="1" Display="1" ReadOnly="0" Seq="0" StateSeq="0" NStateSeq="0" TabId="0"><State><![CDATA[null]]></State><Action><![CDATA[devPublish]]></Action><NState><![CDATA[devPublished]]></NState><ActLabel><![CDATA[Publish]]></ActLabel><AccessKey /></StateTransition></StateTransitions></GUI>
