<?xml version="1.0" encoding="UTF-8"?>
<List SysFlag="0" SrcType="0" DepenFlg="0"><Name><![CDATA[devValueType]]></Name><Desc><![CDATA[List of Exhibit property value types.]]></Desc><Label><![CDATA[Value Types]]></Label><Prod><![CDATA[devExhibit]]></Prod><Type /><SrcClassName /><SrcObjectName /><ParClassName /><ParListName /><ListValues><ListValue Deletable="true" SeqNo="0"><ListValueName><![CDATA[text]]></ListValueName><ParClassName /><ParListName /><ParListValName /></ListValue><ListValue Deletable="true" SeqNo="1"><ListValueName><![CDATA[number]]></ListValueName><ParClassName /><ParListName /><ParListValName /></ListValue><ListValue Deletable="true" SeqNo="2"><ListValueName><![CDATA[date]]></ListValueName><ParClassName /><ParListName /><ParListValName /></ListValue><ListValue Deletable="true" SeqNo="3"><ListValueName><![CDATA[boolean]]></ListValueName><ParClassName /><ParListName /><ParListValName /></ListValue><ListValue Deletable="true" SeqNo="4"><ListValueName><![CDATA[url]]></ListValueName><ParClassName /><ParListName /><ParListValName /></ListValue><ListValue Deletable="true" SeqNo="5"><ListValueName><![CDATA[item]]></ListValueName><ParClassName /><ParListName /><ParListValName /></ListValue></ListValues></List>
