<?xml version="1.0" encoding="UTF-8"?>
<Query><Header Scope="0" Type="1" RandomCnt="0" FixedColCnt="0" DScope="0" Editable="0" GraphType="-1" DisplayLegend="0"><Name><![CDATA[Document - Locator Query for Exhibit]]></Name><Module><![CDATA[Document]]></Module><BO><![CDATA[Document]]></BO><Number /><Description /><HeaderStr><![CDATA[Locator Query]]></HeaderStr><PromptBeforeQuery><![CDATA[0]]></PromptBeforeQuery><XTitle /><YTitle /><AssocString><![CDATA[About]]></AssocString><RecState /><TabularOutput><![CDATA[0]]></TabularOutput><AssociatedField /><ScorecardTargetOption><![CDATA[0]]></ScorecardTargetOption></Header><Bos><BO><Name><![CDATA[Document]]></Name><Module><![CDATA[Document]]></Module></BO></Bos><Columns><Column Type="1" DType="320" FiltType="0" Seq="0"><SecName><![CDATA[General Info]]></SecName><SecondarySecName /><FldLabel><![CDATA[File Path]]></FldLabel><FldName><![CDATA[DM_PATH]]></FldName><FiltVAl /><defaultFlag><![CDATA[0]]></defaultFlag></Column><Column Type="1" DType="320" FiltType="0" Seq="1"><SecName><![CDATA[General Info]]></SecName><SecondarySecName /><FldLabel><![CDATA[File Name]]></FldLabel><FldName><![CDATA[DM_FILE_NAME]]></FldName><FiltVAl /><defaultFlag><![CDATA[0]]></defaultFlag></Column><Column Type="3" DType="320" FiltType="0" Seq="0"><SecName><![CDATA[General Info]]></SecName><SecondarySecName /><FldLabel><![CDATA[File Path]]></FldLabel><FldName><![CDATA[DM_PATH]]></FldName><FiltVAl /><defaultFlag><![CDATA[0]]></defaultFlag></Column><Column Type="5" DType="320" FiltType="16" Seq="1"><SecName><![CDATA[General Info]]></SecName><SecondarySecName /><FldLabel><![CDATA[File Path]]></FldLabel><FldName><![CDATA[DM_PATH]]></FldName><FiltVAl><![CDATA[$$RUNTIME$$]]></FiltVAl><defaultFlag><![CDATA[0]]></defaultFlag></Column><Column Type="5" DType="320" FiltType="16" Seq="2"><SecName><![CDATA[General Info]]></SecName><SecondarySecName /><FldLabel><![CDATA[File Name]]></FldLabel><FldName><![CDATA[DM_FILE_NAME]]></FldName><FiltVAl><![CDATA[$$RUNTIME$$]]></FiltVAl><defaultFlag><![CDATA[0]]></defaultFlag></Column></Columns></Query>
