<?xml version="1.0" encoding="UTF-8"?>
<Query><Header Scope="0" Type="0" RandomCnt="0" FixedColCnt="0" DScope="0" Editable="0" GraphType="-1" DisplayLegend="0"><Name><![CDATA[devExhibit - Display All Published Exhibits]]></Name><Module><![CDATA[devExhibit]]></Module><BO><![CDATA[devExhibit]]></BO><Number><![CDATA[Report]]></Number><Description /><HeaderStr><![CDATA[Published Exhibits]]></HeaderStr><PromptBeforeQuery><![CDATA[0]]></PromptBeforeQuery><XTitle /><YTitle /><AssocString><![CDATA[About]]></AssocString><RecState /><TabularOutput><![CDATA[0]]></TabularOutput><AssociatedField /><ScorecardTargetOption><![CDATA[0]]></ScorecardTargetOption></Header><Bos><BO><Name><![CDATA[devExhibit]]></Name><Module><![CDATA[devExhibit]]></Module></BO></Bos><Columns><Column Type="1" DType="320" FiltType="0" Seq="0"><SecName><![CDATA[General]]></SecName><SecondarySecName /><FldLabel><![CDATA[Name]]></FldLabel><FldName><![CDATA[devExhibitNameTX]]></FldName><FiltVAl /><defaultFlag><![CDATA[0]]></defaultFlag></Column><Column Type="1" DType="320" FiltType="0" Seq="1"><SecName><![CDATA[General]]></SecName><SecondarySecName /><FldLabel><![CDATA[Display Document]]></FldLabel><FldName><![CDATA[devDocumentTX]]></FldName><FiltVAl /><defaultFlag><![CDATA[0]]></defaultFlag></Column><Column Type="1" DType="320" FiltType="0" Seq="2"><SecName><![CDATA[General]]></SecName><SecondarySecName /><FldLabel><![CDATA[Description]]></FldLabel><FldName><![CDATA[devExhibitDescriptionTX]]></FldName><FiltVAl /><defaultFlag><![CDATA[0]]></defaultFlag></Column><Column Type="3" DType="320" FiltType="0" Seq="0"><SecName><![CDATA[General]]></SecName><SecondarySecName /><FldLabel><![CDATA[Name]]></FldLabel><FldName><![CDATA[devExhibitNameTX]]></FldName><FiltVAl /><defaultFlag><![CDATA[0]]></defaultFlag></Column><Column Type="3" DType="320" FiltType="0" Seq="1"><SecName><![CDATA[General]]></SecName><SecondarySecName /><FldLabel><![CDATA[Display Document]]></FldLabel><FldName><![CDATA[devDocumentTX]]></FldName><FiltVAl /><defaultFlag><![CDATA[0]]></defaultFlag></Column><Column Type="3" DType="320" FiltType="0" Seq="2"><SecName><![CDATA[General]]></SecName><SecondarySecName /><FldLabel><![CDATA[Description]]></FldLabel><FldName><![CDATA[devExhibitDescriptionTX]]></FldName><FiltVAl /><defaultFlag><![CDATA[0]]></defaultFlag></Column><Column Type="5" DType="320" FiltType="10" Seq="1"><SecName><![CDATA[General]]></SecName><SecondarySecName /><FldLabel><![CDATA[Status]]></FldLabel><FldName><![CDATA[triStatusCL]]></FldName><FiltVAl><![CDATA[Active]]></FiltVAl><defaultFlag><![CDATA[0]]></defaultFlag></Column><Column Type="5" DType="320" FiltType="16" Seq="2"><SecName><![CDATA[General]]></SecName><SecondarySecName /><FldLabel><![CDATA[Name]]></FldLabel><FldName><![CDATA[devExhibitNameTX]]></FldName><FiltVAl><![CDATA[$$RUNTIME$$]]></FiltVAl><defaultFlag><![CDATA[0]]></defaultFlag></Column><Column Type="5" DType="320" FiltType="16" Seq="3"><SecName><![CDATA[General]]></SecName><SecondarySecName /><FldLabel><![CDATA[Display Document]]></FldLabel><FldName><![CDATA[devDocumentTX]]></FldName><FiltVAl><![CDATA[$$RUNTIME$$]]></FiltVAl><defaultFlag><![CDATA[0]]></defaultFlag></Column><Column Type="5" DType="320" FiltType="16" Seq="4"><SecName><![CDATA[General]]></SecName><SecondarySecName /><FldLabel><![CDATA[Description]]></FldLabel><FldName><![CDATA[devExhibitDescriptionTX]]></FldName><FiltVAl><![CDATA[$$RUNTIME$$]]></FiltVAl><defaultFlag><![CDATA[0]]></defaultFlag></Column></Columns><SubReps><SubRep ApplyFilter="1"><Name><![CDATA[devExhibit - Display All Exhibits]]></Name><BO><![CDATA[devExhibit]]></BO><Module><![CDATA[devExhibit]]></Module></SubRep><SubRep ApplyFilter="1"><Name><![CDATA[devExhibit - Display All Retired Exhibits]]></Name><BO><![CDATA[devExhibit]]></BO><Module><![CDATA[devExhibit]]></Module></SubRep></SubReps></Query>
