<?xml version="1.0" encoding="UTF-8"?>
<Query><Header Scope="0" Type="0" RandomCnt="0" FixedColCnt="0" DScope="0" Editable="0" GraphType="-1" DisplayLegend="1"><Name><![CDATA[devDataSource - Display All Active Data Sources]]></Name><Module><![CDATA[devExhibit]]></Module><BO><![CDATA[devDataSource]]></BO><Number><![CDATA[Report]]></Number><Description /><HeaderStr><![CDATA[Active Data Sources]]></HeaderStr><PromptBeforeQuery><![CDATA[0]]></PromptBeforeQuery><XTitle /><YTitle /><AssocString><![CDATA[About]]></AssocString><RecState /><TabularOutput><![CDATA[0]]></TabularOutput><AssociatedField /><ScorecardTargetOption><![CDATA[0]]></ScorecardTargetOption></Header><Bos><BO><Name><![CDATA[devDataSource]]></Name><Module><![CDATA[devExhibit]]></Module></BO></Bos><Columns><Column Type="1" DType="320" FiltType="0" Seq="0"><SecName><![CDATA[General]]></SecName><SecondarySecName /><FldLabel><![CDATA[Name]]></FldLabel><FldName><![CDATA[devDataSourceNameTX]]></FldName><FiltVAl /><defaultFlag><![CDATA[0]]></defaultFlag></Column><Column Type="1" DType="320" FiltType="0" Seq="1"><SecName><![CDATA[General]]></SecName><SecondarySecName /><FldLabel><![CDATA[ID]]></FldLabel><FldName><![CDATA[devDataSourceIdTX]]></FldName><FiltVAl /><defaultFlag><![CDATA[0]]></defaultFlag></Column><Column Type="1" DType="320" FiltType="0" Seq="2"><SecName><![CDATA[General]]></SecName><SecondarySecName /><FldLabel><![CDATA[Type]]></FldLabel><FldName><![CDATA[devTypeTX]]></FldName><FiltVAl /><defaultFlag><![CDATA[0]]></defaultFlag></Column><Column Type="1" DType="320" FiltType="0" Seq="3"><SecName><![CDATA[General]]></SecName><SecondarySecName /><FldLabel><![CDATA[Description]]></FldLabel><FldName><![CDATA[devDataSourceDescriptionTX]]></FldName><FiltVAl /><defaultFlag><![CDATA[0]]></defaultFlag></Column><Column Type="1" DType="320" FiltType="0" Seq="4"><SecName><![CDATA[General]]></SecName><SecondarySecName /><FldLabel><![CDATA[Query]]></FldLabel><FldName><![CDATA[devQueryTX]]></FldName><FiltVAl /><defaultFlag><![CDATA[0]]></defaultFlag></Column><Column Type="3" DType="320" FiltType="0" Seq="0"><SecName><![CDATA[General]]></SecName><SecondarySecName /><FldLabel><![CDATA[Name]]></FldLabel><FldName><![CDATA[devDataSourceNameTX]]></FldName><FiltVAl /><defaultFlag><![CDATA[0]]></defaultFlag></Column><Column Type="3" DType="320" FiltType="0" Seq="1"><SecName><![CDATA[General]]></SecName><SecondarySecName /><FldLabel><![CDATA[ID]]></FldLabel><FldName><![CDATA[devDataSourceIdTX]]></FldName><FiltVAl /><defaultFlag><![CDATA[0]]></defaultFlag></Column><Column Type="3" DType="320" FiltType="0" Seq="2"><SecName><![CDATA[General]]></SecName><SecondarySecName /><FldLabel><![CDATA[Type]]></FldLabel><FldName><![CDATA[devTypeTX]]></FldName><FiltVAl /><defaultFlag><![CDATA[0]]></defaultFlag></Column><Column Type="3" DType="320" FiltType="0" Seq="3"><SecName><![CDATA[General]]></SecName><SecondarySecName /><FldLabel><![CDATA[Query]]></FldLabel><FldName><![CDATA[devQueryTX]]></FldName><FiltVAl /><defaultFlag><![CDATA[0]]></defaultFlag></Column><Column Type="5" DType="320" FiltType="10" Seq="1"><SecName><![CDATA[General]]></SecName><SecondarySecName /><FldLabel><![CDATA[Status]]></FldLabel><FldName><![CDATA[triStatusCL]]></FldName><FiltVAl><![CDATA[Active]]></FiltVAl><defaultFlag><![CDATA[0]]></defaultFlag></Column><Column Type="5" DType="320" FiltType="16" Seq="2"><SecName><![CDATA[General]]></SecName><SecondarySecName /><FldLabel><![CDATA[Name]]></FldLabel><FldName><![CDATA[devDataSourceNameTX]]></FldName><FiltVAl><![CDATA[$$RUNTIME$$]]></FiltVAl><defaultFlag><![CDATA[0]]></defaultFlag></Column><Column Type="5" DType="320" FiltType="16" Seq="3"><SecName><![CDATA[General]]></SecName><SecondarySecName /><FldLabel><![CDATA[ID]]></FldLabel><FldName><![CDATA[devDataSourceIdTX]]></FldName><FiltVAl><![CDATA[$$RUNTIME$$]]></FiltVAl><defaultFlag><![CDATA[0]]></defaultFlag></Column><Column Type="5" DType="320" FiltType="16" Seq="4"><SecName><![CDATA[General]]></SecName><SecondarySecName /><FldLabel><![CDATA[Type]]></FldLabel><FldName><![CDATA[devTypeTX]]></FldName><FiltVAl><![CDATA[$$RUNTIME$$]]></FiltVAl><defaultFlag><![CDATA[0]]></defaultFlag></Column><Column Type="5" DType="320" FiltType="16" Seq="5"><SecName><![CDATA[General]]></SecName><SecondarySecName /><FldLabel><![CDATA[Query/Report]]></FldLabel><FldName><![CDATA[devQueryTX]]></FldName><FiltVAl><![CDATA[$$RUNTIME$$]]></FiltVAl><defaultFlag><![CDATA[0]]></defaultFlag></Column><Column Type="5" DType="320" FiltType="16" Seq="6"><SecName><![CDATA[General]]></SecName><SecondarySecName /><FldLabel><![CDATA[Description]]></FldLabel><FldName><![CDATA[devDataSourceDescriptionTX]]></FldName><FiltVAl><![CDATA[$$RUNTIME$$]]></FiltVAl><defaultFlag><![CDATA[0]]></defaultFlag></Column><Column Type="5" DType="320" FiltType="16" Seq="7"><SecName><![CDATA[General]]></SecName><SecondarySecName /><FldLabel><![CDATA[Module]]></FldLabel><FldName><![CDATA[devModuleTX]]></FldName><FiltVAl><![CDATA[$$RUNTIME$$]]></FiltVAl><defaultFlag><![CDATA[0]]></defaultFlag></Column><Column Type="5" DType="320" FiltType="16" Seq="8"><SecName><![CDATA[General]]></SecName><SecondarySecName /><FldLabel><![CDATA[Business Object]]></FldLabel><FldName><![CDATA[devBusinessObjectTX]]></FldName><FiltVAl><![CDATA[$$RUNTIME$$]]></FiltVAl><defaultFlag><![CDATA[0]]></defaultFlag></Column></Columns><SubReps><SubRep ApplyFilter="1"><Name><![CDATA[devDataSource - Display All Data Sources]]></Name><BO><![CDATA[devDataSource]]></BO><Module><![CDATA[devExhibit]]></Module></SubRep><SubRep ApplyFilter="1"><Name><![CDATA[devDataSource - Display All Retired Data Sources]]></Name><BO><![CDATA[devDataSource]]></BO><Module><![CDATA[devExhibit]]></Module></SubRep></SubReps></Query>
