<?xml version="1.0" encoding="UTF-8"?>
<Query><Header Scope="0" Type="1" RandomCnt="0" FixedColCnt="0" DScope="2" Editable="0" GraphType="-1" DisplayLegend="0"><Name><![CDATA[devDataSource - Associated to Current Exhibit]]></Name><Module><![CDATA[devExhibit]]></Module><BO><![CDATA[devDataSource]]></BO><Number><![CDATA[Query Section]]></Number><Description /><HeaderStr><![CDATA[Data Sources]]></HeaderStr><PromptBeforeQuery><![CDATA[0]]></PromptBeforeQuery><XTitle /><YTitle /><AssocString><![CDATA[About]]></AssocString><RecState /><TabularOutput><![CDATA[0]]></TabularOutput><AssociatedField /><ScorecardTargetOption><![CDATA[0]]></ScorecardTargetOption></Header><Bos><BO><Name><![CDATA[devDataSource]]></Name><Module><![CDATA[devExhibit]]></Module></BO></Bos><Columns><Column Type="1" DType="320" FiltType="0" Seq="0"><SecName><![CDATA[General]]></SecName><SecondarySecName /><FldLabel><![CDATA[Name]]></FldLabel><FldName><![CDATA[devDataSourceNameTX]]></FldName><FiltVAl /><defaultFlag><![CDATA[0]]></defaultFlag></Column><Column Type="1" DType="320" FiltType="0" Seq="1"><SecName><![CDATA[General]]></SecName><SecondarySecName /><FldLabel><![CDATA[ID]]></FldLabel><FldName><![CDATA[devDataSourceIdTX]]></FldName><FiltVAl /><defaultFlag><![CDATA[0]]></defaultFlag></Column><Column Type="1" DType="320" FiltType="0" Seq="2"><SecName><![CDATA[General]]></SecName><SecondarySecName /><FldLabel><![CDATA[Type]]></FldLabel><FldName><![CDATA[devTypeTX]]></FldName><FiltVAl /><defaultFlag><![CDATA[0]]></defaultFlag></Column><Column Type="1" DType="320" FiltType="0" Seq="3"><SecName><![CDATA[General]]></SecName><SecondarySecName /><FldLabel><![CDATA[Description]]></FldLabel><FldName><![CDATA[devDataSourceDescriptionTX]]></FldName><FiltVAl /><defaultFlag><![CDATA[0]]></defaultFlag></Column><Column Type="1" DType="320" FiltType="0" Seq="4"><SecName><![CDATA[General]]></SecName><SecondarySecName /><FldLabel><![CDATA[Query/Report]]></FldLabel><FldName><![CDATA[devQueryTX]]></FldName><FiltVAl /><defaultFlag><![CDATA[0]]></defaultFlag></Column><Column Type="3" DType="320" FiltType="0" Seq="0"><SecName><![CDATA[General]]></SecName><SecondarySecName /><FldLabel><![CDATA[Name]]></FldLabel><FldName><![CDATA[devDataSourceNameTX]]></FldName><FiltVAl /><defaultFlag><![CDATA[0]]></defaultFlag></Column><Column Type="3" DType="320" FiltType="0" Seq="1"><SecName><![CDATA[General]]></SecName><SecondarySecName /><FldLabel><![CDATA[ID]]></FldLabel><FldName><![CDATA[devDataSourceIdTX]]></FldName><FiltVAl /><defaultFlag><![CDATA[0]]></defaultFlag></Column><Column Type="5" DType="320" FiltType="10" Seq="1"><SecName><![CDATA[General]]></SecName><SecondarySecName /><FldLabel><![CDATA[Status]]></FldLabel><FldName><![CDATA[triStatusCL]]></FldName><FiltVAl><![CDATA[Active]]></FiltVAl><defaultFlag><![CDATA[0]]></defaultFlag></Column></Columns><AssocFilters><AssocFilter RevAssocFlag="0" AssocFlag="0" FiltType="0" Seq="1"><AssocString><![CDATA[Uses]]></AssocString><Module><![CDATA[devExhibit]]></Module><BO><![CDATA[devExhibit]]></BO><FilterData><![CDATA[$$RECORDID$$]]></FilterData></AssocFilter></AssocFilters></Query>
