<?xml version="1.0" encoding="UTF-8"?>
<BoRecords>     <BoRecord BoId="10014042" RecordId="-1" BoName="devDataSource" GUIId="10021042" GUIName="devDataSource" ModuleId="23123" ModuleName="devExhibit" CompanyId="208133" ParentName="" ActionName="" ObjState="devActive" SourceId="3213957">
         <System___Info>
                     <OrganizationId>
                         
                     </OrganizationId>
                     <GeographyId>
                         
                     </GeographyId>
                     <LocationId>
                         
                     </LocationId>
                     <Review___Status>
                         
                     </Review___Status>
                     <Prior___State>
                         devActive
                     </Prior___State>
                     <Type>
                         10014042
                     </Type>
                     <Parent>
                         
                     </Parent>
                     <CreatedTime>
                         1253280530116
                     </CreatedTime>
                     <ModifiedTime>
                         1255612781920
                     </ModifiedTime>
                     <CreatedBy>
                         221931
                     </CreatedBy>
                     <ModifiedBy>
                         
                     </ModifiedBy>
         </System___Info>
         <General>
                     <triControlNumberCN>
                         SOURCE-1000001
                     </triControlNumberCN>
                     <devTypeTX>
                         Work Task
                     </devTypeTX>
                     <devPluralTX>
                         Work Tasks
                     </devPluralTX>
                     <devModuleTX>
                         triTask
                     </devModuleTX>
                     <devBusinessObjectTX>
                         triWorkTask
                     </devBusinessObjectTX>
                     <devQueryTX>
                         dev - triWorkTask - Timeline Exhibit
                     </devQueryTX>
                     <devDataSourceNameTX>
                         Work Tasks
                     </devDataSourceNameTX>
                     <devDataSourceIdTX>
                         SOURCE-1000001
                     </devDataSourceIdTX>
                     <LocationName>
                         
                     </LocationName>
                     <triFormNameSY>
                         devDataSource
                     </triFormNameSY>
                     <triStatusCL>
                         \Classifications\Status\Active
                     </triStatusCL>
                     <OrgName>
                         
                     </OrgName>
                     <triFormLabelSY>
                         Exhibit Data Source
                     </triFormLabelSY>
                     <devDataSourceDescriptionTX>
                         Active Work Tasks with planned start/end dates.
                     </devDataSourceDescriptionTX>
                     <triFormIdSY>
                         10021042
                     </triFormIdSY>
                     <triCreatedSY>
                         2009/9/18 6:28:50 AM
                     </triCreatedSY>
                     <triCreatedBySY>
                         SOURCE-1000001
                     </triCreatedBySY>
                     <triBusinessObjectNameSY>
                         devDataSource
                     </triBusinessObjectNameSY>
                     <triBusinessObjectLabelSY>
                         Exhibit Data Source
                     </triBusinessObjectLabelSY>
                     <triBusinessObjectIdSY>
                         10014042
                     </triBusinessObjectIdSY>
                     <triRecordStateSY>
                         devActive
                     </triRecordStateSY>
                     <triRecordIdSY>
                         3213957
                     </triRecordIdSY>
                     <GeographyName>
                         
                     </GeographyName>
                     <triRecordNameSY>
                         SOURCE-1000001
                     </triRecordNameSY>
         </General>
     </BoRecord>
</BoRecords>
