<?xml version="1.0" encoding="UTF-8"?>
<BoRecords>     <BoRecord BoId="10013942" RecordId="-1" BoName="devExhibit" GUIId="10021142" GUIName="devExhibit" ModuleId="23123" ModuleName="devExhibit" CompanyId="208133" ParentName="" ActionName="" ObjState="devPublished" SourceId="3213956">
         <System___Info>
                     <OrganizationId>
                         
                     </OrganizationId>
                     <GeographyId>
                         
                     </GeographyId>
                     <LocationId>
                         
                     </LocationId>
                     <Review___Status>
                         
                     </Review___Status>
                     <Prior___State>
                         devDraft
                     </Prior___State>
                     <Type>
                         10013942
                     </Type>
                     <Parent>
                         
                     </Parent>
                     <CreatedTime>
                         1253280454397
                     </CreatedTime>
                     <ModifiedTime>
                         1255613177680
                     </ModifiedTime>
                     <CreatedBy>
                         221931
                     </CreatedBy>
                     <ModifiedBy>
                         
                     </ModifiedBy>
         </System___Info>
         <General>
                     <triControlNumberCN>
                         1000001
                     </triControlNumberCN>
                     <devExhibitNameTX>
                         WorkTasks
                     </devExhibitNameTX>
                     <triStatusCL>
                         \Classifications\Status\Active
                     </triStatusCL>
                     <devExhibitDescriptionTX>
                         Work Task Exhibit demonstrating timelines.
                     </devExhibitDescriptionTX>
                     <devCacheTimeNU>
                         10
                     </devCacheTimeNU>
                     <devCacheTimeNU_UOM>
                         
                     </devCacheTimeNU_UOM>
                     <LocationName>
                         
                     </LocationName>
                     <triFormNameSY>
                         devExhibit
                     </triFormNameSY>
                     <OrgName>
                         
                     </OrgName>
                     <triFormLabelSY>
                         Exhibit
                     </triFormLabelSY>
                     <triFormIdSY>
                         10021142
                     </triFormIdSY>
                     <triCreatedSY>
                         2009/9/18 6:27:34 AM
                     </triCreatedSY>
                     <triCreatedBySY>
                         WorkTasks
                     </triCreatedBySY>
                     <triBusinessObjectNameSY>
                         devExhibit
                     </triBusinessObjectNameSY>
                     <triBusinessObjectLabelSY>
                         Exhibit
                     </triBusinessObjectLabelSY>
                     <triBusinessObjectIdSY>
                         10013942
                     </triBusinessObjectIdSY>
                     <devPasswordPA>
                         
                     </devPasswordPA>
                     <devUsernameTX>
                         
                     </devUsernameTX>
                     <triRecordStateSY>
                         devPublished
                     </triRecordStateSY>
                     <devDocumentTX>
                         \ROOT\TRIRIGA\Exhibit\Work Task Exhibit
                     </devDocumentTX>
                     <triRecordIdSY>
                         3213956
                     </triRecordIdSY>
                     <GeographyName>
                         
                     </GeographyName>
                     <triRecordNameSY>
                         WorkTasks
                     </triRecordNameSY>
         </General>
     </BoRecord>
</BoRecords>
