<?xml version="1.0" encoding="UTF-8"?>
<BoRecords>     <BoRecord BoId="10014142" RecordId="-1" BoName="devProperty" GUIId="10020942" GUIName="devProperty" ModuleId="23123" ModuleName="devExhibit" CompanyId="208133" ParentName="" ActionName="" ObjState="devActive" SourceId="3214356">
         <System___Info>
                     <OrganizationId>
                         
                     </OrganizationId>
                     <GeographyId>
                         
                     </GeographyId>
                     <LocationId>
                         
                     </LocationId>
                     <Review___Status>
                         
                     </Review___Status>
                     <Prior___State>
                         
                     </Prior___State>
                     <Type>
                         10014142
                     </Type>
                     <Parent>
                         
                     </Parent>
                     <CreatedTime>
                         1253350603569
                     </CreatedTime>
                     <ModifiedTime>
                         1253350616500
                     </ModifiedTime>
                     <CreatedBy>
                         221931
                     </CreatedBy>
                     <ModifiedBy>
                         
                     </ModifiedBy>
         </System___Info>
         <General>
                     <triControlNumberCN>
                         PROP-1000007
                     </triControlNumberCN>
                     <devPropertyNameTX>
                         priority
                     </devPropertyNameTX>
                     <devPropertyLabelTX>
                         Priority
                     </devPropertyLabelTX>
                     <devReverseLabelTX>
                         
                     </devReverseLabelTX>
                     <devValueTypeLI>
                         text
                     </devValueTypeLI>
                     <devPropertyIdTX>
                         PROP-1000007
                     </devPropertyIdTX>
                     <triStatusCL>
                         \Classifications\Status\Active
                     </triStatusCL>
                     <LocationName>
                         
                     </LocationName>
                     <triFormNameSY>
                         devProperty
                     </triFormNameSY>
                     <OrgName>
                         
                     </OrgName>
                     <triFormLabelSY>
                         Property Definition
                     </triFormLabelSY>
                     <triFormIdSY>
                         10020942
                     </triFormIdSY>
                     <triCreatedSY>
                         2009/9/19 1:56:43 AM
                     </triCreatedSY>
                     <triCreatedBySY>
                         PROP-1000007
                     </triCreatedBySY>
                     <triBusinessObjectNameSY>
                         devProperty
                     </triBusinessObjectNameSY>
                     <triBusinessObjectLabelSY>
                         Property Definition
                     </triBusinessObjectLabelSY>
                     <triBusinessObjectIdSY>
                         10014142
                     </triBusinessObjectIdSY>
                     <triRecordStateSY>
                         devActive
                     </triRecordStateSY>
                     <triRecordIdSY>
                         3214356
                     </triRecordIdSY>
                     <GeographyName>
                         
                     </GeographyName>
                     <triRecordNameSY>
                         PROP-1000007
                     </triRecordNameSY>
         </General>
     </BoRecord>
</BoRecords>
