<?xml version="1.0" encoding="UTF-8"?>
<Workflow><Header Type="0" WfStatus="10" IgnoreModuleLevel="0" InstanceData="1" LockRecord="0" Modifier="0"><Name><![CDATA[devDataSource - Synchronous - Populate ID]]></Name><Module><![CDATA[devExhibit]]></Module><BO><![CDATA[devDataSource]]></BO><EventName><![CDATA[Pre-Create]]></EventName><Description><![CDATA[Populates the data source ID from the control number if the former is not specified.]]></Description><AssociationName /><AssociatedBO /><AssociatedModule><![CDATA[devExhibit]]></AssociatedModule></Header><Tasks><Task Id="0" Type="1" FilterOperator="10" RecurrenceId="0" MapId="140516" SRCTaskId="-1" TRGTTaskId="-1" AssigneeTaskId="0" SortCount="1" UseMap="1" LockUser="0" AssignToFlag="1" EstEndInDays="0" EstEndInHrs="0" EstEndInMins="0" DateContext="0" ServiceContext="1"><TaskLabel><![CDATA[Start]]></TaskLabel><EventName><![CDATA[Pre-Create]]></EventName><Description /><DeleteSection /><SumSection /><SumField /><FilterSection /><FilterField /><FilterValue /><ServiceAssociation /><TargetAssociation /><TransactionType><![CDATA[0]]></TransactionType><Status><![CDATA[0]]></Status><ParametersMapId><![CDATA[-1]]></ParametersMapId><FormulaRecalc><![CDATA[0]]></FormulaRecalc><Module><![CDATA[devExhibit]]></Module><BO><![CDATA[devDataSource]]></BO><AssociatedModule><![CDATA[devExhibit]]></AssociatedModule><AssociatedBO /><AssignToUserMod><![CDATA[triPeople]]></AssignToUserMod><AssignToUserBO><![CDATA[My Profile]]></AssignToUserBO><AssignToUser><![CDATA[\System, System -]]></AssignToUser><TaskRefs /><Condition><Expression><![CDATA[ ]]></Expression></Condition></Task><Task Id="204830" Type="9" FilterOperator="10" RecurrenceId="0" MapId="-1" SRCTaskId="-1" TRGTTaskId="-1" AssigneeTaskId="0" SortCount="1" UseMap="1" LockUser="0" AssignToFlag="1" EstEndInDays="0" EstEndInHrs="0" EstEndInMins="0" DateContext="0" ServiceContext="1"><TaskLabel /><EventName /><Description /><DeleteSection /><SumSection /><SumField /><FilterSection /><FilterField /><FilterValue /><ServiceAssociation /><TargetAssociation /><TransactionType><![CDATA[0]]></TransactionType><Status><![CDATA[0]]></Status><ParametersMapId><![CDATA[-1]]></ParametersMapId><FormulaRecalc><![CDATA[0]]></FormulaRecalc><Module /><BO /><AssignToUserMod /><AssignToUserBO /><AssignToUser /><TaskRefs /></Task><Task Id="204831" Type="14" FilterOperator="10" RecurrenceId="0" MapId="140517" SRCTaskId="-1" TRGTTaskId="204832" AssigneeTaskId="0" SortCount="1" UseMap="1" LockUser="0" AssignToFlag="1" EstEndInDays="0" EstEndInHrs="0" EstEndInMins="0" DateContext="0" ServiceContext="1"><TaskLabel /><EventName><![CDATA[0=true;1=false;]]></EventName><Description /><DeleteSection /><SumSection /><SumField /><FilterSection /><FilterField /><FilterValue /><ServiceAssociation /><TargetAssociation><![CDATA[204835;204832;]]></TargetAssociation><TransactionType><![CDATA[0]]></TransactionType><Status><![CDATA[0]]></Status><ParametersMapId><![CDATA[-1]]></ParametersMapId><FormulaRecalc><![CDATA[0]]></FormulaRecalc><Module /><BO /><AssignToUserMod /><AssignToUserBO /><AssignToUser /><TaskRefs /><Condition><Expression><![CDATA[p0 == "" ]]></Expression><Params><Param PId="0"><PType><![CDATA[field]]></PType><PDataId><![CDATA[0]]></PDataId><PField><![CDATA[devDataSourceIdTX]]></PField><PSection><![CDATA[General]]></PSection><PModule><![CDATA[devExhibit]]></PModule><PBO><![CDATA[devDataSource]]></PBO></Param></Params></Condition></Task><Task Id="204832" Type="12" FilterOperator="10" RecurrenceId="0" MapId="-1" SRCTaskId="-1" TRGTTaskId="-1" AssigneeTaskId="0" SortCount="1" UseMap="1" LockUser="0" AssignToFlag="1" EstEndInDays="0" EstEndInHrs="0" EstEndInMins="0" DateContext="0" ServiceContext="1"><TaskLabel /><EventName /><Description /><DeleteSection /><SumSection /><SumField /><FilterSection /><FilterField /><FilterValue /><ServiceAssociation /><TargetAssociation /><TransactionType><![CDATA[0]]></TransactionType><Status><![CDATA[0]]></Status><ParametersMapId><![CDATA[-1]]></ParametersMapId><FormulaRecalc><![CDATA[0]]></FormulaRecalc><Module /><BO /><AssignToUserMod /><AssignToUserBO /><AssignToUser /><TaskRefs /></Task><Task Id="204835" Type="28" FilterOperator="10" RecurrenceId="0" MapId="29335" SRCTaskId="-1" TRGTTaskId="-1" AssigneeTaskId="0" SortCount="1" UseMap="1" LockUser="0" AssignToFlag="1" EstEndInDays="0" EstEndInHrs="0" EstEndInMins="0" DateContext="0" ServiceContext="1"><TaskLabel><![CDATA[Update ID from Control Number]]></TaskLabel><EventName><![CDATA[Append]]></EventName><Description /><DeleteSection /><SumSection /><SumField /><FilterSection /><FilterField /><FilterValue /><ServiceAssociation /><TargetAssociation /><TransactionType><![CDATA[0]]></TransactionType><Status><![CDATA[0]]></Status><ParametersMapId><![CDATA[-1]]></ParametersMapId><FormulaRecalc><![CDATA[0]]></FormulaRecalc><Module><![CDATA[devExhibit]]></Module><BO><![CDATA[devDataSource]]></BO><AssignToUserMod /><AssignToUserBO /><AssignToUser /><TaskRefs><TaskRef RefType="0" UseType="1" TaskRefType="0" CtxType="-1" RefTaskId="0"><RefSec /><RefField><![CDATA[null]]></RefField><RefAssoc /><RefModule><![CDATA[devExhibit]]></RefModule><RefObject><![CDATA[devDataSource]]></RefObject><RefRecordMod /><RefRecordBO /><RefRecord /></TaskRef><TaskRef RefType="1" UseType="2" TaskRefType="0" CtxType="-1" RefTaskId="0"><RefSec /><RefField><![CDATA[null]]></RefField><RefAssoc /><RefModule><![CDATA[devExhibit]]></RefModule><RefObject><![CDATA[devDataSource]]></RefObject></TaskRef></TaskRefs><ObjMappings><ObjMapping Id="29335" Type="10"><FldVal /><SrcFldVal /><TrgtModule><![CDATA[devExhibit]]></TrgtModule><TrgtBo><![CDATA[devDataSource]]></TrgtBo><SrcModule><![CDATA[devExhibit]]></SrcModule><SrcBo><![CDATA[devDataSource]]></SrcBo><TrgtTab><![CDATA[General]]></TrgtTab><TrgtSec><![CDATA[General]]></TrgtSec><TrgtFld><![CDATA[devDataSourceIdTX]]></TrgtFld><SrcTab><![CDATA[General]]></SrcTab><SrcSec><![CDATA[General]]></SrcSec><SrcFld><![CDATA[triControlNumberCN]]></SrcFld></ObjMapping></ObjMappings></Task><Task Id="204930" Type="23" FilterOperator="10" RecurrenceId="0" MapId="-1" SRCTaskId="-1" TRGTTaskId="-1" AssigneeTaskId="0" SortCount="1" UseMap="0" LockUser="0" AssignToFlag="1" EstEndInDays="0" EstEndInHrs="0" EstEndInMins="0" DateContext="0" ServiceContext="1"><TaskLabel><![CDATA[Set ID to Read-Only]]></TaskLabel><EventName /><Description /><DeleteSection /><SumSection /><SumField /><FilterSection /><FilterField /><FilterValue /><ServiceAssociation /><TargetAssociation /><TransactionType><![CDATA[0]]></TransactionType><Status><![CDATA[0]]></Status><ParametersMapId><![CDATA[-1]]></ParametersMapId><FormulaRecalc><![CDATA[0]]></FormulaRecalc><Module><![CDATA[devExhibit]]></Module><BO><![CDATA[devDataSource]]></BO><AssociatedBO><![CDATA[-2]]></AssociatedBO><AssociatedModule><![CDATA[-2]]></AssociatedModule><AssignToUserMod /><AssignToUserBO /><AssignToUser /><TaskRefs><TaskRef RefType="0" UseType="1" TaskRefType="0" CtxType="-1" RefTaskId="0"><RefSec /><RefField><![CDATA[null]]></RefField><RefAssoc /><RefModule><![CDATA[devExhibit]]></RefModule><RefObject><![CDATA[devDataSource]]></RefObject><RefRecordMod /><RefRecordBO /><RefRecord /></TaskRef></TaskRefs><GUIMappings><GUIMapping Id="0" Type="0" PropType="3" TaskId="0" ActId="0"><Tab><![CDATA[devGeneral]]></Tab><Section><![CDATA[devGeneral]]></Section><Field><![CDATA[devDataSourceIdTX]]></Field><PropVal><![CDATA[true]]></PropVal><TAskData /><Bo><![CDATA[devDataSource]]></Bo><BoModule><![CDATA[devExhibit]]></BoModule><GUI><![CDATA[devDataSource]]></GUI><Module><![CDATA[devExhibit]]></Module></GUIMapping></GUIMappings></Task></Tasks><WFSteps><WFStep Id="0" Type="1" ParId="-1" /><WFStep Id="204830" Type="9" ParId="204930" /><WFStep Id="204831" Type="14" ParId="0" /><WFStep Id="204832" Type="12" ParId="204831" /><WFStep Id="204832" Type="12" ParId="204835" /><WFStep Id="204835" Type="28" ParId="204831" /><WFStep Id="204930" Type="23" ParId="204832" /></WFSteps></Workflow>
