<?xml version = "1.0" encoding = "UTF-8"?> <OMObjects><OMObject Type='1'><Module><![CDATA[triHelper]]></Module><BO><![CDATA[]]></BO><Name><![CDATA[devTranslationHelper]]></Name><File><![CDATA[Business Object_triHelper__devTranslationHelper.xml]]></File></OMObject><OMObject Type='2'><Module><![CDATA[triHelper]]></Module><BO><![CDATA[devTranslationHelper]]></BO><Name><![CDATA[devTranslationHelper]]></Name><File><![CDATA[GUI_triHelper_devTranslationHelper_devTranslationHelper.xml]]></File></OMObject><OMObject Type='3'><Module><![CDATA[triHelper]]></Module><BO><![CDATA[devTranslationHelper]]></BO><Name><![CDATA[devTranslationHelper - Synchronous - Apply Translation]]></Name><File><![CDATA[Workflow_triHelper_devTranslationHelper_devTranslationHelper-Synchronous-ApplyTranslation.xml]]></File></OMObject></OMObjects>