<?xml version="1.0" encoding="UTF-8"?>
<BO><BOHeader Root="0" Sched="0" Type="1" Audit="0" AuditAccess="0" AuditAction="0" AuditComment="0" AuditSign="0" Approval="0" StageTable="0" SingTab="0"><Module><![CDATA[triHelper]]></Module><Name><![CDATA[devTranslationHelper]]></Name><Label><![CDATA[Translation Helper]]></Label><Description><![CDATA[Helper object to configure a language translation operation.]]></Description><AuditLevel /></BOHeader><Associations><Association AssocDepend="0" ProjContainmentDisabled="0" CascadeReadOnly="0"><AssocMod><![CDATA[triProject]]></AssocMod><AssocBo><![CDATA[triCapitalProject]]></AssocBo><AssocName><![CDATA[Is Contained By]]></AssocName><AssocRevName><![CDATA[Contains]]></AssocRevName></Association></Associations><Sections><Section Type="0" Input="0" Vert="0" Passthrough="0" LiveLink="0" Override="0" Multi="0"><Name><![CDATA[General]]></Name><Label><![CDATA[General]]></Label><Association /><TempAssociation /><LayOutTab /><Fields><Field UomType="-1" HierClsType="9" EditUomType="0" MField="0" FieldLiveLink="0" FormulaFlag="0" UseInTot="0" UseInRes="0" ResultDispSeq="0" ReadOnly="1" LocFlag="0" NoAutoPop="1" GenOnCrt="1" FullPath="0" DepListFlag="0" BaseCurField="0" RefResultDispSeq="0" MFieldSeq="0" Size="0.0" DateDefNum="0" StageField="0" UseCustomPrecisionMask="0" StoragePrecision="12" RoundingRule="4"><Name><![CDATA[triControlNumberCN]]></Name><Description><![CDATA[Sequential control number.]]></Description><Purpose /><Type><![CDATA[Control Number]]></Type><Label><![CDATA[Control Number]]></Label><DVal /><Validation /><Required><![CDATA[N]]></Required><FormulaType><![CDATA[R]]></FormulaType><UomTypeName /><Uom /><RollUpType /><LTab><![CDATA[General]]></LTab><LSec><![CDATA[General]]></LSec><SubType /><Association /><Format /><RollUpSource /><DisplayMask><![CDATA[#.####]]></DisplayMask></Field><Field UomType="-1" HierClsType="0" EditUomType="0" MField="0" FieldLiveLink="0" FormulaFlag="0" UseInTot="0" UseInRes="0" ResultDispSeq="0" ReadOnly="0" LocFlag="0" NoAutoPop="1" GenOnCrt="0" FullPath="0" DepListFlag="0" BaseCurField="0" RefResultDispSeq="0" MFieldSeq="0" Size="150.0" DateDefNum="0" StageField="0" UseCustomPrecisionMask="0" StoragePrecision="-1" RoundingRule="-1"><Name><![CDATA[devSectionNameTX]]></Name><Description><![CDATA[Name of the data section in which the translated field resides.]]></Description><Purpose /><Type><![CDATA[Text]]></Type><Label><![CDATA[Section Name]]></Label><DVal /><Validation /><Required><![CDATA[N]]></Required><FormulaType><![CDATA[R]]></FormulaType><UomTypeName /><Uom /><RollUpType /><LTab><![CDATA[General]]></LTab><LSec><![CDATA[General]]></LSec><SubType /><Association /><Format /><RollUpSource /><DisplayMask><![CDATA[#.####]]></DisplayMask></Field><Field UomType="-1" HierClsType="0" EditUomType="0" MField="0" FieldLiveLink="0" FormulaFlag="0" UseInTot="0" UseInRes="0" ResultDispSeq="0" ReadOnly="0" LocFlag="0" NoAutoPop="1" GenOnCrt="0" FullPath="0" DepListFlag="0" BaseCurField="0" RefResultDispSeq="0" MFieldSeq="0" Size="150.0" DateDefNum="0" StageField="0" UseCustomPrecisionMask="0" StoragePrecision="-1" RoundingRule="-1"><Name><![CDATA[devSourceLanguageTX]]></Name><Description><![CDATA[Source language for translation; if omitted, the source language will be detected.]]></Description><Purpose /><Type><![CDATA[Text]]></Type><Label><![CDATA[Source Language]]></Label><DVal /><Validation /><Required><![CDATA[N]]></Required><FormulaType><![CDATA[R]]></FormulaType><UomTypeName /><Uom /><RollUpType /><LTab><![CDATA[General]]></LTab><LSec><![CDATA[General]]></LSec><SubType /><Association /><Format /><RollUpSource /><DisplayMask><![CDATA[#.####]]></DisplayMask></Field><Field UomType="-1" HierClsType="0" EditUomType="0" MField="0" FieldLiveLink="0" FormulaFlag="0" UseInTot="0" UseInRes="0" ResultDispSeq="0" ReadOnly="0" LocFlag="0" NoAutoPop="1" GenOnCrt="0" FullPath="0" DepListFlag="0" BaseCurField="0" RefResultDispSeq="0" MFieldSeq="0" Size="150.0" DateDefNum="0" StageField="1" UseCustomPrecisionMask="0" StoragePrecision="-1" RoundingRule="-1"><Name><![CDATA[devTargetLanguageTX]]></Name><Description><![CDATA[Target language for translation.]]></Description><Purpose /><Type><![CDATA[Text]]></Type><Label><![CDATA[Target Language]]></Label><DVal><![CDATA[en]]></DVal><Validation /><Required><![CDATA[Y]]></Required><FormulaType><![CDATA[R]]></FormulaType><UomTypeName /><Uom /><RollUpType /><LTab><![CDATA[General]]></LTab><LSec><![CDATA[General]]></LSec><SubType /><Association /><Format /><RollUpSource /><DisplayMask><![CDATA[#.####]]></DisplayMask></Field><Field UomType="-1" HierClsType="0" EditUomType="0" MField="0" FieldLiveLink="0" FormulaFlag="0" UseInTot="0" UseInRes="0" ResultDispSeq="0" ReadOnly="0" LocFlag="0" NoAutoPop="1" GenOnCrt="0" FullPath="0" DepListFlag="0" BaseCurField="0" RefResultDispSeq="0" MFieldSeq="0" Size="150.0" DateDefNum="0" StageField="1" UseCustomPrecisionMask="0" StoragePrecision="-1" RoundingRule="-1"><Name><![CDATA[devFieldNameTX]]></Name><Description><![CDATA[Name of the field that is to be translated.]]></Description><Purpose /><Type><![CDATA[Text]]></Type><Label><![CDATA[Field Name]]></Label><DVal /><Validation /><Required><![CDATA[Y]]></Required><FormulaType><![CDATA[R]]></FormulaType><UomTypeName /><Uom /><RollUpType /><LTab><![CDATA[General]]></LTab><LSec><![CDATA[General]]></LSec><SubType /><Association /><Format /><RollUpSource /><DisplayMask><![CDATA[#.####]]></DisplayMask></Field></Fields></Section></Sections><StateTransitions><StateTransition CloseScr="0" Display="1" ReadOnly="0" Seq="0" StateSeq="0"><State><![CDATA[null]]></State><Action><![CDATA[triCalculate]]></Action><NState><![CDATA[triActive]]></NState><ActLabel><![CDATA[Calculate]]></ActLabel><EJB /><Method /><SubLabels><SubLabel SLSeq="0" SLAuditAct="0"><SLName><![CDATA[Calculate]]></SLName></SubLabel></SubLabels></StateTransition><StateTransition CloseScr="0" Display="1" ReadOnly="0" Seq="1" StateSeq="0"><State><![CDATA[triActive]]></State><Action><![CDATA[triApply]]></Action><NState><![CDATA[triActive]]></NState><ActLabel><![CDATA[Apply]]></ActLabel><EJB /><Method /><SubLabels><SubLabel SLSeq="0" SLAuditAct="0"><SLName><![CDATA[Apply]]></SLName><SLWF><![CDATA[devTranslationHelper - Synchronous - Apply Translation]]></SLWF><SLWFBO><![CDATA[devTranslationHelper]]></SLWFBO><SLWFMod><![CDATA[triHelper]]></SLWFMod><SLIncExcs><SLIncExc SLIncExcType="I"><SLIncExcAct><![CDATA[Apply]]></SLIncExcAct></SLIncExc><SLIncExc SLIncExcType="I"><SLIncExcAct><![CDATA[Delete]]></SLIncExcAct></SLIncExc></SLIncExcs></SubLabel></SubLabels></StateTransition><StateTransition CloseScr="1" Display="1" ReadOnly="0" Seq="2" StateSeq="0"><State><![CDATA[triActive]]></State><Action><![CDATA[triDelete]]></Action><NState><![CDATA[null]]></NState><ActLabel><![CDATA[Delete]]></ActLabel><EJB /><Method /><SubLabels><SubLabel SLSeq="0" SLAuditAct="0"><SLName><![CDATA[Delete]]></SLName></SubLabel></SubLabels></StateTransition></StateTransitions><Mappings CntrlNumPref="0" CntrlNumStart="1000000"><CntrlNumDelim><![CDATA[ ]]></CntrlNumDelim><NameMap><Map MapType="1" MapFieldSystemFlag="0"><MapField><![CDATA[triControlNumberCN]]></MapField><MapFieldSec><![CDATA[General]]></MapFieldSec><MapFieldLbl><![CDATA[Control Number]]></MapFieldLbl></Map></NameMap><ImageMap><Map MapType="0"><MapField><![CDATA[Image]]></MapField><MapFieldSec /><MapFieldLbl><![CDATA[Image]]></MapFieldLbl></Map></ImageMap></Mappings></BO>
