<?xml version="1.0" encoding="UTF-8"?>
<GUI><GUIHeader AssocTab="1" Sched="0" Type="0" Audit="0" AuditAction="0" Approval="0" SingTab="0" WFTab="1" PrintTab="0" Default="1" ExcelCal="0"><Module><![CDATA[triHelper]]></Module><BoName><![CDATA[devTranslationHelper]]></BoName><Name><![CDATA[devTranslationHelper]]></Name><Label><![CDATA[Translation Helper]]></Label><Description><![CDATA[Helper GUI to translate fields to a different language.]]></Description></GUIHeader><Tabs><Tab TId="1" Seq="1" Visible="1" Custom="0"><TName><![CDATA[triGeneral]]></TName><TLabel><![CDATA[General]]></TLabel><THeader /><TComment /><TURL /><AccessKey /><TStyle /><Sections><Section SId="1" Type="0" Seq="0" SRow="1" SCol="1" RSpan="1" CSpan="12" Visible="1" ROnly="0" ShowEmbeddedLink="0" ParentSecId="-1" ShowHdr="0" BorderSize="0" Height="0" Input="0" ShowAdd="0" FinRep="0" SingleSelect="0" SelectAssociationTemp="0" RefreshTime="0" FixedColCnt="0" HierarchyFieldsSection="0" ComparisonSection="0" PrinterFriendlyLink="0" SmartQueryFormat="0" Orientation="0"><Name><![CDATA[triGeneral]]></Name><Label><![CDATA[General]]></Label><Association /><SelectAssociation /><DDSecName /><BGround /><TitleColor /><BorderColor /><SStyle /><ComparisonAssociation /><Fields><Field FId="1" SRow="1" RSpan="1" SCol="1" CSpan="1" NoLabel="0" Size="150" ROnly="0" Border="1" Visible="1" ShowUom="0" GroupSeq="0" Width="0" TabOrder="0" MinSize="0" MaxSize="0" FldPos="0" DAlign="0" UIType="0" AtrSeq="1002" IconPos="0" ScoreType="0" HierarchicalParentFieldId="0" DefaultHierarchicalState="0" DeltaType="0" DeltaPrecision="0" UseCustomDisplay="0" ColumnUse="0"><Name><![CDATA[devSectionNameTX]]></Name><Type><![CDATA[Text]]></Type><Label><![CDATA[Section Name]]></Label><Required><![CDATA[N]]></Required><DDFieldName><![CDATA[devSectionNameTX]]></DDFieldName><DDFldSecName><![CDATA[General]]></DDFldSecName><LFont><![CDATA[Trebuchet]]></LFont><LColor><![CDATA[#000000]]></LColor><LSize><![CDATA[10]]></LSize><LWeight><![CDATA[Bold]]></LWeight><SubType /><Format /><LabStyle /><DataStyle><![CDATA[dataStyleClass1]]></DataStyle><Prefix /><FldColor /><SubLabelStyle /><DisplayMask><![CDATA[#.####]]></DisplayMask></Field><Field FId="2" SRow="1" RSpan="1" SCol="2" CSpan="1" NoLabel="0" Size="150" ROnly="0" Border="1" Visible="1" ShowUom="0" GroupSeq="0" Width="0" TabOrder="0" MinSize="0" MaxSize="0" FldPos="0" DAlign="0" UIType="0" AtrSeq="1003" IconPos="0" ScoreType="0" HierarchicalParentFieldId="0" DefaultHierarchicalState="0" DeltaType="0" DeltaPrecision="0" UseCustomDisplay="0" ColumnUse="0"><Name><![CDATA[devFieldNameTX]]></Name><Type><![CDATA[Text]]></Type><Label><![CDATA[Field Name]]></Label><Required><![CDATA[Y]]></Required><DDFieldName><![CDATA[devFieldNameTX]]></DDFieldName><DDFldSecName><![CDATA[General]]></DDFldSecName><LFont><![CDATA[Trebuchet]]></LFont><LColor><![CDATA[#000000]]></LColor><LSize><![CDATA[10]]></LSize><LWeight><![CDATA[Bold]]></LWeight><SubType /><Format /><LabStyle /><DataStyle><![CDATA[dataStyleClass1]]></DataStyle><Prefix /><FldColor /><SubLabelStyle /><DisplayMask><![CDATA[#.####]]></DisplayMask></Field><Field FId="3" SRow="2" RSpan="1" SCol="1" CSpan="1" NoLabel="0" Size="150" ROnly="0" Border="1" Visible="1" ShowUom="0" GroupSeq="0" Width="0" TabOrder="0" MinSize="0" MaxSize="0" FldPos="0" DAlign="0" UIType="0" AtrSeq="1004" IconPos="0" ScoreType="0" HierarchicalParentFieldId="0" DefaultHierarchicalState="0" DeltaType="0" DeltaPrecision="0" UseCustomDisplay="0" ColumnUse="0"><Name><![CDATA[devSourceLanguageTX]]></Name><Type><![CDATA[Text]]></Type><Label><![CDATA[Source Language]]></Label><Required><![CDATA[N]]></Required><DDFieldName><![CDATA[devSourceLanguageTX]]></DDFieldName><DDFldSecName><![CDATA[General]]></DDFldSecName><LFont><![CDATA[Trebuchet]]></LFont><LColor><![CDATA[#000000]]></LColor><LSize><![CDATA[10]]></LSize><LWeight><![CDATA[Bold]]></LWeight><SubType /><Format /><LabStyle /><DataStyle><![CDATA[dataStyleClass1]]></DataStyle><Prefix /><FldColor /><SubLabelStyle /><DisplayMask><![CDATA[#.####]]></DisplayMask></Field><Field FId="4" SRow="2" RSpan="1" SCol="2" CSpan="1" NoLabel="0" Size="150" ROnly="0" Border="1" Visible="1" ShowUom="0" GroupSeq="0" Width="0" TabOrder="0" MinSize="0" MaxSize="0" FldPos="0" DAlign="0" UIType="0" AtrSeq="1005" IconPos="0" ScoreType="0" HierarchicalParentFieldId="0" DefaultHierarchicalState="0" DeltaType="0" DeltaPrecision="0" UseCustomDisplay="0" ColumnUse="0"><Name><![CDATA[devTargetLanguageTX]]></Name><Type><![CDATA[Text]]></Type><Label><![CDATA[Target Language]]></Label><Required><![CDATA[Y]]></Required><DDFieldName><![CDATA[devTargetLanguageTX]]></DDFieldName><DDFldSecName><![CDATA[General]]></DDFldSecName><LFont><![CDATA[Trebuchet]]></LFont><LColor><![CDATA[#000000]]></LColor><LSize><![CDATA[10]]></LSize><LWeight><![CDATA[Bold]]></LWeight><SubType /><Format /><LabStyle /><DataStyle><![CDATA[dataStyleClass1]]></DataStyle><Prefix /><FldColor /><SubLabelStyle /><DisplayMask><![CDATA[#.####]]></DisplayMask></Field><Field FId="6" SRow="3" RSpan="1" SCol="1" CSpan="2" NoLabel="0" Size="-1" ROnly="0" Border="0" Visible="1" ShowUom="0" GroupSeq="0" Width="0" TabOrder="0" MinSize="0" MaxSize="0" FldPos="2" DAlign="0" UIType="1" AtrSeq="-2" IconPos="0" ScoreType="0" HierarchicalParentFieldId="0" DefaultHierarchicalState="0" DeltaType="0" DeltaPrecision="0" UseCustomDisplay="0" ColumnUse="0"><Name><![CDATA[devLanguageInstructionsLA]]></Name><Type><![CDATA[Label]]></Type><Label><![CDATA[The list of valid language codes can be found at:]]></Label><Required><![CDATA[N]]></Required><DDFieldName><![CDATA[devLanguageInstructionsLA]]></DDFieldName><DDFldSecName><![CDATA[ ]]></DDFldSecName><LFont><![CDATA[Trebuchet]]></LFont><LColor><![CDATA[#000000]]></LColor><LSize><![CDATA[10]]></LSize><LWeight><![CDATA[bold]]></LWeight><SubType /><Format /><LabStyle><![CDATA[labelStyleClass1]]></LabStyle><DataStyle><![CDATA[dataStyleClass1]]></DataStyle><Prefix /><FldColor /><SubLabelStyle /><DisplayMask><![CDATA[#.####]]></DisplayMask></Field><Field FId="5" SRow="4" RSpan="1" SCol="1" CSpan="2" NoLabel="0" Size="-1" ROnly="0" Border="0" Visible="1" ShowUom="0" GroupSeq="0" Width="0" TabOrder="0" MinSize="0" MaxSize="0" FldPos="2" DAlign="0" UIType="1" AtrSeq="-1" IconPos="0" ScoreType="0" HierarchicalParentFieldId="0" DefaultHierarchicalState="0" DeltaType="0" DeltaPrecision="0" UseCustomDisplay="0" ColumnUse="0"><Name><![CDATA[devLanguageListLA]]></Name><Type><![CDATA[Label]]></Type><Label><![CDATA[http://code.google.com/apis/ajaxlanguage/documentation/reference.html#LangNameArray]]></Label><Required><![CDATA[N]]></Required><DDFieldName><![CDATA[devLanguageListLA]]></DDFieldName><DDFldSecName><![CDATA[ ]]></DDFldSecName><LFont><![CDATA[Trebuchet]]></LFont><LColor><![CDATA[#000000]]></LColor><LSize><![CDATA[10]]></LSize><LWeight><![CDATA[bold]]></LWeight><SubType /><Format /><LabStyle><![CDATA[labelStyleClass1]]></LabStyle><DataStyle><![CDATA[dataStyleClass1]]></DataStyle><Prefix /><FldColor /><SubLabelStyle /><DisplayMask><![CDATA[#.####]]></DisplayMask></Field></Fields></Section></Sections></Tab></Tabs><StateTransitions><StateTransition CloseScr="0" Display="1" ReadOnly="0" Seq="0" StateSeq="1" NStateSeq="2" TabId="0"><State><![CDATA[null]]></State><Action><![CDATA[triCalculate]]></Action><NState><![CDATA[triActive]]></NState><ActLabel><![CDATA[Calculate]]></ActLabel><AccessKey /></StateTransition><StateTransition CloseScr="0" Display="1" ReadOnly="0" Seq="1" StateSeq="2" NStateSeq="2" TabId="0"><State><![CDATA[triActive]]></State><Action><![CDATA[triApply]]></Action><NState><![CDATA[triActive]]></NState><ActLabel><![CDATA[Apply]]></ActLabel><AccessKey /></StateTransition><StateTransition CloseScr="1" Display="1" ReadOnly="0" Seq="2" StateSeq="2" NStateSeq="1" TabId="0"><State><![CDATA[triActive]]></State><Action><![CDATA[triDelete]]></Action><NState><![CDATA[null]]></NState><ActLabel><![CDATA[Delete]]></ActLabel><AccessKey /></StateTransition></StateTransitions></GUI>
