<?xml version = "1.0" encoding = "UTF-8"?> <OMObjects><OMObject Type='1'><Module><![CDATA[triHelper]]></Module><BO><![CDATA[]]></BO><Name><![CDATA[devPrintHelper]]></Name><File><![CDATA[Business Object_triHelper__devPrintHelper.xml]]></File></OMObject><OMObject Type='2'><Module><![CDATA[triHelper]]></Module><BO><![CDATA[devPrintHelper]]></BO><Name><![CDATA[devPrintHelper]]></Name><File><![CDATA[Form_triHelper_devPrintHelper_devPrintHelper.xml]]></File></OMObject><OMObject Type='8'><Module><![CDATA[triHelper]]></Module><BO><![CDATA[]]></BO><Name><![CDATA[devContentTypes]]></Name><File><![CDATA[List_triHelper__devContentTypes.xml]]></File></OMObject><OMObject Type='13'><Module><![CDATA[System]]></Module><BO><![CDATA[ResourceFile]]></BO><Name><![CDATA[\jcifs-print-1.3.17.jar]]></Name><File><![CDATA[Record Data_System_ResourceFile_jcifs-print-1.3.17.jar.xml]]></File></OMObject><OMObject Type='13'><Module><![CDATA[System]]></Module><BO><![CDATA[ClassLoader]]></BO><Name><![CDATA[\Print]]></Name><File><![CDATA[Record Data_System_ClassLoader_Print.xml]]></File></OMObject><OMObject Type='13'><Module><![CDATA[Document]]></Module><BO><![CDATA[Document]]></BO><Name><![CDATA[\ROOT\TRIRIGA\Test Print Document]]></Name><File><![CDATA[Record Data_Document_Document_ROOTTRIRIGATestPrintDocument.xml]]></File></OMObject><OMObject Type='13'><Module><![CDATA[System]]></Module><BO><![CDATA[ResourceFile]]></BO><Name><![CDATA[\tririga-print.jar]]></Name><File><![CDATA[Record Data_System_ResourceFile_tririga-print.jar.xml]]></File></OMObject><OMObject Type='3'><Module><![CDATA[triHelper]]></Module><BO><![CDATA[triPatchHelper]]></BO><Name><![CDATA[dev - triPatchHelper - Install Printing Classloader]]></Name><File><![CDATA[Workflow_triHelper_triPatchHelper_dev-triPatchHelper-InstallPrintingClassloader.xml]]></File></OMObject><OMObject Type='3'><Module><![CDATA[triHelper]]></Module><BO><![CDATA[triPatchHelper]]></BO><Name><![CDATA[dev - triPatchHelper - Printing Example]]></Name><File><![CDATA[Workflow_triHelper_triPatchHelper_dev-triPatchHelper-PrintingExample.xml]]></File></OMObject><OMObject Type='3'><Module><![CDATA[triHelper]]></Module><BO><![CDATA[devPrintHelper]]></BO><Name><![CDATA[devPrintHelper - devPrint - Delete Helper]]></Name><File><![CDATA[Workflow_triHelper_devPrintHelper_devPrintHelper-devPrint-DeleteHelper.xml]]></File></OMObject><OMObject Type='3'><Module><![CDATA[triHelper]]></Module><BO><![CDATA[devPrintHelper]]></BO><Name><![CDATA[devPrintHelper - Synchronous - Print]]></Name><File><![CDATA[Workflow_triHelper_devPrintHelper_devPrintHelper-Synchronous-Print.xml]]></File></OMObject><OMObject Type='22'><Module><![CDATA[]]></Module><BO><![CDATA[]]></BO><Name><![CDATA[145948_jcifs-print-1.3.17.jar]]></Name><ContentType><![CDATA[application/x-zip-compressed]]></ContentType><ContentFileName><![CDATA[jcifs-print-1.3.17.jar]]></ContentFileName><File><![CDATA[145948_jcifs-print-1.3.17.jar]]></File></OMObject><OMObject Type='22'><Module><![CDATA[]]></Module><BO><![CDATA[]]></BO><Name><![CDATA[146044_tririga-print.jar]]></Name><ContentType><![CDATA[application/x-zip-compressed]]></ContentType><ContentFileName><![CDATA[tririga-print.jar]]></ContentFileName><File><![CDATA[146044_tririga-print.jar]]></File></OMObject></OMObjects>