<?xml version="1.0" encoding="UTF-8"?>
<BO><BOHeader Root="0" Sched="0" Type="1" Audit="0" AuditAccess="0" AuditAction="0" AuditComment="0" AuditSign="0" Approval="0" StageTable="0" SingTab="0"><Module><![CDATA[triHelper]]></Module><Name><![CDATA[devPrintHelper]]></Name><Label><![CDATA[Print Helper]]></Label><Description /><AuditLevel /></BOHeader><Associations><Association AssocDepend="0" ProjContainmentDisabled="0" CascadeReadOnly="0"><AssocMod><![CDATA[Document]]></AssocMod><AssocBo><![CDATA[Document]]></AssocBo><AssocName><![CDATA[Has Document]]></AssocName><AssocRevName><![CDATA[Is Document For]]></AssocRevName></Association><Association AssocDepend="0" ProjContainmentDisabled="0" CascadeReadOnly="0"><AssocMod><![CDATA[triProject]]></AssocMod><AssocBo><![CDATA[triCapitalProject]]></AssocBo><AssocName><![CDATA[Is Contained By]]></AssocName><AssocRevName><![CDATA[Contains]]></AssocRevName></Association></Associations><Sections><Section Type="0" Input="0" Vert="0" Passthrough="0" LiveLink="0" Override="0" Multi="0" UsedByDC="0" RequiredByDC="0"><Name><![CDATA[General]]></Name><Label><![CDATA[General]]></Label><Association /><TempAssociation /><LayOutTab /><DCKeys /><Fields><Field UomType="-1" HierClsType="0" EditUomType="0" MField="0" FieldLiveLink="0" FormulaFlag="0" UseInTot="0" UseInRes="0" ResultDispSeq="0" ReadOnly="0" LocFlag="1" NoAutoPop="1" GenOnCrt="0" FullPath="0" DepListFlag="0" BaseCurField="0" RefResultDispSeq="0" MFieldSeq="0" Size="1000.0" DateDefNum="0" StageField="1" StageFieldKey="0" UseCustomPrecisionMask="0" StoragePrecision="-1" RoundingRule="-1" DoAudit="0"><Name><![CDATA[devDocumentTX]]></Name><Description /><Purpose /><Type><![CDATA[Text]]></Type><Label><![CDATA[Document]]></Label><DVal /><Validation /><Required><![CDATA[Y]]></Required><FormulaType><![CDATA[R]]></FormulaType><UomTypeName /><Uom /><RollUpType /><LTab><![CDATA[General]]></LTab><LSec><![CDATA[General]]></LSec><SubType /><Association><![CDATA[Has Document]]></Association><Format /><RollUpSource /><DisplayMask><![CDATA[#.####]]></DisplayMask><LBO><![CDATA[Document]]></LBO><LModule><![CDATA[Document]]></LModule><LocFldName><![CDATA[DM_PATH]]></LocFldName><LocFldSecName><![CDATA[General]]></LocFldSecName><LocFldLabel><![CDATA[File Path]]></LocFldLabel></Field><Field UomType="-1" HierClsType="0" EditUomType="0" MField="0" FieldLiveLink="0" FormulaFlag="0" UseInTot="0" UseInRes="0" ResultDispSeq="0" ReadOnly="0" LocFlag="0" NoAutoPop="1" GenOnCrt="0" FullPath="0" DepListFlag="0" BaseCurField="0" RefResultDispSeq="0" MFieldSeq="0" Size="-1.0" DateDefNum="0" StageField="0" StageFieldKey="0" UseCustomPrecisionMask="0" StoragePrecision="-1" RoundingRule="-1" DoAudit="0" Reversible="2"><Name><![CDATA[triPasswordPA]]></Name><Description /><Purpose /><Type><![CDATA[Password]]></Type><Label><![CDATA[Password]]></Label><DVal /><Validation /><Required><![CDATA[N]]></Required><FormulaType><![CDATA[R]]></FormulaType><UomTypeName /><Uom /><RollUpType /><LTab><![CDATA[General]]></LTab><LSec><![CDATA[General]]></LSec><SubType /><Association /><Format /><RollUpSource /><DisplayMask><![CDATA[#.####]]></DisplayMask></Field><Field UomType="-1" HierClsType="0" EditUomType="0" MField="0" FieldLiveLink="0" FormulaFlag="0" UseInTot="0" UseInRes="0" ResultDispSeq="0" ReadOnly="0" LocFlag="0" NoAutoPop="1" GenOnCrt="0" FullPath="0" DepListFlag="0" BaseCurField="0" RefResultDispSeq="0" MFieldSeq="0" Size="1000.0" DateDefNum="0" StageField="1" StageFieldKey="0" UseCustomPrecisionMask="0" StoragePrecision="-1" RoundingRule="-1" DoAudit="0"><Name><![CDATA[devPrintShareTX]]></Name><Description /><Purpose /><Type><![CDATA[Text]]></Type><Label><![CDATA[Printer Share Name]]></Label><DVal /><Validation /><Required><![CDATA[Y]]></Required><FormulaType><![CDATA[R]]></FormulaType><UomTypeName /><Uom /><RollUpType /><LTab><![CDATA[General]]></LTab><LSec><![CDATA[General]]></LSec><SubType /><Association /><Format /><RollUpSource /><DisplayMask><![CDATA[#.####]]></DisplayMask></Field><Field UomType="-1" HierClsType="0" EditUomType="0" MField="0" FieldLiveLink="0" FormulaFlag="0" UseInTot="0" UseInRes="0" ResultDispSeq="0" ReadOnly="0" LocFlag="0" NoAutoPop="1" GenOnCrt="0" FullPath="0" DepListFlag="0" BaseCurField="0" RefResultDispSeq="0" MFieldSeq="0" Size="1000.0" DateDefNum="0" StageField="1" StageFieldKey="0" UseCustomPrecisionMask="0" StoragePrecision="-1" RoundingRule="-1" DoAudit="0"><Name><![CDATA[devPrintServerTX]]></Name><Description /><Purpose /><Type><![CDATA[Text]]></Type><Label><![CDATA[Print Server Name]]></Label><DVal /><Validation /><Required><![CDATA[Y]]></Required><FormulaType><![CDATA[R]]></FormulaType><UomTypeName /><Uom /><RollUpType /><LTab><![CDATA[General]]></LTab><LSec><![CDATA[General]]></LSec><SubType /><Association /><Format /><RollUpSource /><DisplayMask><![CDATA[#.####]]></DisplayMask></Field><Field UomType="-1" HierClsType="9" EditUomType="0" MField="0" FieldLiveLink="0" FormulaFlag="0" UseInTot="0" UseInRes="0" ResultDispSeq="0" ReadOnly="1" LocFlag="0" NoAutoPop="0" GenOnCrt="0" FullPath="0" DepListFlag="0" BaseCurField="0" RefResultDispSeq="0" MFieldSeq="0" Size="0.0" DateDefNum="0" StageField="0" StageFieldKey="0" UseCustomPrecisionMask="0" StoragePrecision="0" RoundingRule="0" DoAudit="0"><Name><![CDATA[triBusinessObjectIdSY]]></Name><Description><![CDATA[System Business Object ID]]></Description><Purpose /><Type><![CDATA[System Read Only]]></Type><Label><![CDATA[System Business Object ID]]></Label><DVal /><Validation /><Required><![CDATA[N]]></Required><FormulaType><![CDATA[R]]></FormulaType><UomTypeName /><Uom /><RollUpType /><LTab><![CDATA[General]]></LTab><LSec><![CDATA[General]]></LSec><SubType><![CDATA[BO Type Id]]></SubType><Association /><Format /><RollUpSource /><DisplayMask><![CDATA[#.####]]></DisplayMask></Field><Field UomType="-1" HierClsType="9" EditUomType="0" MField="0" FieldLiveLink="0" FormulaFlag="0" UseInTot="0" UseInRes="0" ResultDispSeq="0" ReadOnly="1" LocFlag="0" NoAutoPop="0" GenOnCrt="0" FullPath="0" DepListFlag="0" BaseCurField="0" RefResultDispSeq="0" MFieldSeq="0" Size="0.0" DateDefNum="0" StageField="0" StageFieldKey="0" UseCustomPrecisionMask="0" StoragePrecision="0" RoundingRule="0" DoAudit="0"><Name><![CDATA[triBusinessObjectLabelSY]]></Name><Description><![CDATA[Business Object Label]]></Description><Purpose /><Type><![CDATA[System Read Only]]></Type><Label><![CDATA[Business Object Label]]></Label><DVal /><Validation /><Required><![CDATA[N]]></Required><FormulaType><![CDATA[R]]></FormulaType><UomTypeName /><Uom /><RollUpType /><LTab><![CDATA[General]]></LTab><LSec><![CDATA[General]]></LSec><SubType><![CDATA[BO Label]]></SubType><Association /><Format /><RollUpSource /><DisplayMask><![CDATA[#.####]]></DisplayMask></Field><Field UomType="-1" HierClsType="9" EditUomType="0" MField="0" FieldLiveLink="0" FormulaFlag="0" UseInTot="0" UseInRes="0" ResultDispSeq="0" ReadOnly="1" LocFlag="0" NoAutoPop="0" GenOnCrt="0" FullPath="0" DepListFlag="0" BaseCurField="0" RefResultDispSeq="0" MFieldSeq="0" Size="-1.0" DateDefNum="0" StageField="0" StageFieldKey="0" UseCustomPrecisionMask="0" StoragePrecision="0" RoundingRule="0" DoAudit="0"><Name><![CDATA[triBusinessObjectNameSY]]></Name><Description /><Purpose /><Type><![CDATA[System Read Only]]></Type><Label><![CDATA[Business Object Name]]></Label><DVal /><Validation /><Required><![CDATA[N]]></Required><FormulaType><![CDATA[R]]></FormulaType><UomTypeName /><Uom /><RollUpType /><LTab><![CDATA[General]]></LTab><LSec><![CDATA[General]]></LSec><SubType><![CDATA[BO Type Name]]></SubType><Association /><Format /><RollUpSource /><DisplayMask><![CDATA[#.####]]></DisplayMask></Field><Field UomType="-1" HierClsType="9" EditUomType="0" MField="0" FieldLiveLink="0" FormulaFlag="0" UseInTot="0" UseInRes="0" ResultDispSeq="0" ReadOnly="1" LocFlag="0" NoAutoPop="0" GenOnCrt="0" FullPath="0" DepListFlag="0" BaseCurField="0" RefResultDispSeq="0" MFieldSeq="0" Size="0.0" DateDefNum="0" StageField="0" StageFieldKey="0" UseCustomPrecisionMask="0" StoragePrecision="0" RoundingRule="0" DoAudit="0"><Name><![CDATA[triCreatedSY]]></Name><Description><![CDATA[Created Date/Time]]></Description><Purpose /><Type><![CDATA[System Read Only]]></Type><Label><![CDATA[Created Date/Time]]></Label><DVal /><Validation /><Required><![CDATA[N]]></Required><FormulaType><![CDATA[R]]></FormulaType><UomTypeName /><Uom /><RollUpType /><LTab><![CDATA[General]]></LTab><LSec><![CDATA[General]]></LSec><SubType><![CDATA[Created DateTime]]></SubType><Association /><Format /><RollUpSource /><DisplayMask><![CDATA[#.####]]></DisplayMask></Field><Field UomType="-1" HierClsType="9" EditUomType="0" MField="0" FieldLiveLink="0" FormulaFlag="0" UseInTot="0" UseInRes="0" ResultDispSeq="0" ReadOnly="1" LocFlag="0" NoAutoPop="0" GenOnCrt="0" FullPath="0" DepListFlag="0" BaseCurField="0" RefResultDispSeq="0" MFieldSeq="0" Size="0.0" DateDefNum="0" StageField="0" StageFieldKey="0" UseCustomPrecisionMask="0" StoragePrecision="0" RoundingRule="0" DoAudit="0"><Name><![CDATA[triFormIdSY]]></Name><Description><![CDATA[Record Form]]></Description><Purpose /><Type><![CDATA[System Read Only]]></Type><Label><![CDATA[System Form ID]]></Label><DVal /><Validation /><Required><![CDATA[N]]></Required><FormulaType><![CDATA[R]]></FormulaType><UomTypeName /><Uom /><RollUpType /><LTab><![CDATA[General]]></LTab><LSec><![CDATA[General]]></LSec><SubType><![CDATA[GUI Id]]></SubType><Association /><Format /><RollUpSource /><DisplayMask><![CDATA[#.####]]></DisplayMask></Field><Field UomType="-1" HierClsType="9" EditUomType="0" MField="0" FieldLiveLink="0" FormulaFlag="0" UseInTot="0" UseInRes="0" ResultDispSeq="0" ReadOnly="1" LocFlag="0" NoAutoPop="0" GenOnCrt="0" FullPath="0" DepListFlag="0" BaseCurField="0" RefResultDispSeq="0" MFieldSeq="0" Size="0.0" DateDefNum="0" StageField="0" StageFieldKey="0" UseCustomPrecisionMask="0" StoragePrecision="0" RoundingRule="0" DoAudit="0"><Name><![CDATA[triFormLabelSY]]></Name><Description><![CDATA[Form Label]]></Description><Purpose /><Type><![CDATA[System Read Only]]></Type><Label><![CDATA[Record Form]]></Label><DVal /><Validation /><Required><![CDATA[N]]></Required><FormulaType><![CDATA[R]]></FormulaType><UomTypeName /><Uom /><RollUpType /><LTab><![CDATA[General]]></LTab><LSec><![CDATA[General]]></LSec><SubType><![CDATA[GUI Label]]></SubType><Association /><Format /><RollUpSource /><DisplayMask><![CDATA[#.####]]></DisplayMask></Field><Field UomType="-1" HierClsType="9" EditUomType="0" MField="0" FieldLiveLink="0" FormulaFlag="0" UseInTot="0" UseInRes="0" ResultDispSeq="0" ReadOnly="1" LocFlag="0" NoAutoPop="0" GenOnCrt="0" FullPath="0" DepListFlag="0" BaseCurField="0" RefResultDispSeq="0" MFieldSeq="0" Size="-1.0" DateDefNum="0" StageField="0" StageFieldKey="0" UseCustomPrecisionMask="0" StoragePrecision="0" RoundingRule="0" DoAudit="0"><Name><![CDATA[triFormNameSY]]></Name><Description><![CDATA[For Branching of Work Flows (used in start condition) in BO's having multiple GUI's.]]></Description><Purpose><![CDATA[For Branching of Work Flows in BO's having multiple GUI's.]]></Purpose><Type><![CDATA[System Read Only]]></Type><Label><![CDATA[Form Name]]></Label><DVal /><Validation /><Required><![CDATA[N]]></Required><FormulaType><![CDATA[R]]></FormulaType><UomTypeName /><Uom /><RollUpType /><LTab><![CDATA[General]]></LTab><LSec><![CDATA[General]]></LSec><SubType><![CDATA[GUI Name]]></SubType><Association /><Format /><RollUpSource /><DisplayMask><![CDATA[#.####]]></DisplayMask></Field><Field UomType="-1" HierClsType="9" EditUomType="0" MField="0" FieldLiveLink="0" FormulaFlag="0" UseInTot="0" UseInRes="0" ResultDispSeq="0" ReadOnly="1" LocFlag="0" NoAutoPop="0" GenOnCrt="0" FullPath="0" DepListFlag="0" BaseCurField="0" RefResultDispSeq="0" MFieldSeq="0" Size="0.0" DateDefNum="0" StageField="0" StageFieldKey="0" UseCustomPrecisionMask="0" StoragePrecision="0" RoundingRule="0" DoAudit="0"><Name><![CDATA[triModifiedSY]]></Name><Description><![CDATA[Last Modified Date/Time]]></Description><Purpose /><Type><![CDATA[System Read Only]]></Type><Label><![CDATA[Modified Date/Time]]></Label><DVal /><Validation /><Required><![CDATA[N]]></Required><FormulaType><![CDATA[R]]></FormulaType><UomTypeName /><Uom /><RollUpType /><LTab><![CDATA[General]]></LTab><LSec><![CDATA[General]]></LSec><SubType><![CDATA[Modified DateTime]]></SubType><Association /><Format /><RollUpSource /><DisplayMask><![CDATA[#.####]]></DisplayMask></Field><Field UomType="-1" HierClsType="9" EditUomType="0" MField="0" FieldLiveLink="0" FormulaFlag="0" UseInTot="0" UseInRes="0" ResultDispSeq="0" ReadOnly="1" LocFlag="0" NoAutoPop="0" GenOnCrt="0" FullPath="0" DepListFlag="0" BaseCurField="0" RefResultDispSeq="0" MFieldSeq="0" Size="0.0" DateDefNum="0" StageField="0" StageFieldKey="0" UseCustomPrecisionMask="0" StoragePrecision="0" RoundingRule="0" DoAudit="0"><Name><![CDATA[triRecordIdSY]]></Name><Description><![CDATA[System Record ID]]></Description><Purpose /><Type><![CDATA[System Read Only]]></Type><Label><![CDATA[System Record ID]]></Label><DVal /><Validation /><Required><![CDATA[N]]></Required><FormulaType><![CDATA[R]]></FormulaType><UomTypeName /><Uom /><RollUpType /><LTab><![CDATA[General]]></LTab><LSec><![CDATA[General]]></LSec><SubType><![CDATA[BO Record Id]]></SubType><Association /><Format /><RollUpSource /><DisplayMask><![CDATA[#.####]]></DisplayMask></Field><Field UomType="-1" HierClsType="9" EditUomType="0" MField="0" FieldLiveLink="0" FormulaFlag="0" UseInTot="0" UseInRes="0" ResultDispSeq="0" ReadOnly="1" LocFlag="0" NoAutoPop="0" GenOnCrt="0" FullPath="0" DepListFlag="0" BaseCurField="0" RefResultDispSeq="0" MFieldSeq="0" Size="0.0" DateDefNum="0" StageField="0" StageFieldKey="0" UseCustomPrecisionMask="0" StoragePrecision="0" RoundingRule="0" DoAudit="0"><Name><![CDATA[triRecordNameSY]]></Name><Description><![CDATA[Record Name]]></Description><Purpose /><Type><![CDATA[System Read Only]]></Type><Label><![CDATA[Record Name]]></Label><DVal /><Validation /><Required><![CDATA[N]]></Required><FormulaType><![CDATA[R]]></FormulaType><UomTypeName /><Uom /><RollUpType /><LTab><![CDATA[General]]></LTab><LSec><![CDATA[General]]></LSec><SubType><![CDATA[Record Name]]></SubType><Association /><Format /><RollUpSource /><DisplayMask><![CDATA[#.####]]></DisplayMask></Field><Field UomType="-1" HierClsType="9" EditUomType="0" MField="0" FieldLiveLink="0" FormulaFlag="0" UseInTot="0" UseInRes="0" ResultDispSeq="0" ReadOnly="1" LocFlag="0" NoAutoPop="0" GenOnCrt="0" FullPath="0" DepListFlag="0" BaseCurField="0" RefResultDispSeq="0" MFieldSeq="0" Size="0.0" DateDefNum="0" StageField="0" StageFieldKey="0" UseCustomPrecisionMask="0" StoragePrecision="0" RoundingRule="0" DoAudit="0"><Name><![CDATA[triRecordStateSY]]></Name><Description><![CDATA[Record State]]></Description><Purpose /><Type><![CDATA[System Read Only]]></Type><Label><![CDATA[Record State]]></Label><DVal /><Validation /><Required><![CDATA[N]]></Required><FormulaType><![CDATA[R]]></FormulaType><UomTypeName /><Uom /><RollUpType /><LTab><![CDATA[General]]></LTab><LSec><![CDATA[General]]></LSec><SubType><![CDATA[Object State]]></SubType><Association /><Format /><RollUpSource /><DisplayMask><![CDATA[#.####]]></DisplayMask></Field><Field UomType="-1" HierClsType="0" EditUomType="0" MField="0" FieldLiveLink="0" FormulaFlag="0" UseInTot="0" UseInRes="0" ResultDispSeq="0" ReadOnly="0" LocFlag="0" NoAutoPop="1" GenOnCrt="0" FullPath="0" DepListFlag="0" BaseCurField="0" RefResultDispSeq="0" MFieldSeq="0" Size="-1.0" DateDefNum="0" StageField="1" StageFieldKey="0" UseCustomPrecisionMask="0" StoragePrecision="-1" RoundingRule="-1" DoAudit="0"><Name><![CDATA[devContentTypeLI]]></Name><Description /><Purpose /><Type><![CDATA[List]]></Type><Label><![CDATA[Content Type]]></Label><DVal /><Validation /><Required><![CDATA[Y]]></Required><FormulaType><![CDATA[R]]></FormulaType><UomTypeName /><Uom /><RollUpType /><LTab><![CDATA[General]]></LTab><LSec><![CDATA[General]]></LSec><SubType /><Association /><Format /><RollUpSource /><DisplayMask><![CDATA[#.####]]></DisplayMask><RefSysObj><![CDATA[devContentTypes]]></RefSysObj><RefSysObjModule><![CDATA[triHelper]]></RefSysObjModule></Field><Field UomType="-1" HierClsType="9" EditUomType="0" MField="0" FieldLiveLink="0" FormulaFlag="0" UseInTot="0" UseInRes="0" ResultDispSeq="0" ReadOnly="1" LocFlag="0" NoAutoPop="1" GenOnCrt="1" FullPath="0" DepListFlag="0" BaseCurField="0" RefResultDispSeq="0" MFieldSeq="0" Size="0.0" DateDefNum="0" StageField="0" StageFieldKey="0" UseCustomPrecisionMask="0" StoragePrecision="12" RoundingRule="4" DoAudit="0"><Name><![CDATA[triControlNumberCN]]></Name><Description><![CDATA[Control Number are always read only.]]></Description><Purpose /><Type><![CDATA[Control Number]]></Type><Label><![CDATA[Control Number]]></Label><DVal /><Validation /><Required><![CDATA[N]]></Required><FormulaType><![CDATA[R]]></FormulaType><UomTypeName /><Uom /><RollUpType /><LTab><![CDATA[General]]></LTab><LSec><![CDATA[General]]></LSec><SubType /><Association /><Format /><RollUpSource /><DisplayMask><![CDATA[#.####]]></DisplayMask></Field><Field UomType="-1" HierClsType="0" EditUomType="0" MField="0" FieldLiveLink="0" FormulaFlag="0" UseInTot="0" UseInRes="0" ResultDispSeq="0" ReadOnly="0" LocFlag="0" NoAutoPop="1" GenOnCrt="0" FullPath="0" DepListFlag="0" BaseCurField="0" RefResultDispSeq="0" MFieldSeq="0" Size="500.0" DateDefNum="0" StageField="0" StageFieldKey="0" UseCustomPrecisionMask="0" StoragePrecision="-1" RoundingRule="-1" DoAudit="0"><Name><![CDATA[triUserNameTX]]></Name><Description /><Purpose /><Type><![CDATA[Text]]></Type><Label><![CDATA[Username]]></Label><DVal /><Validation /><Required><![CDATA[N]]></Required><FormulaType><![CDATA[R]]></FormulaType><UomTypeName /><Uom /><RollUpType /><LTab><![CDATA[General]]></LTab><LSec><![CDATA[General]]></LSec><SubType /><Association /><Format /><RollUpSource /><DisplayMask><![CDATA[#.####]]></DisplayMask></Field></Fields></Section></Sections><StateTransitions><StateTransition CloseScr="0" Display="1" ReadOnly="0" Seq="0" StateSeq="0" SecAction="0"><State><![CDATA[null]]></State><Action><![CDATA[triCreate]]></Action><NState><![CDATA[triActive]]></NState><ActLabel><![CDATA[Create]]></ActLabel><EJB /><Method /></StateTransition><StateTransition CloseScr="0" Display="1" ReadOnly="1" Seq="1" StateSeq="1" SecAction="0"><State><![CDATA[triActive]]></State><Action><![CDATA[devPrint]]></Action><NState><![CDATA[triActive]]></NState><ActLabel><![CDATA[Print]]></ActLabel><EJB /><Method /><SubLabels><SubLabel SLSeq="0" SLAuditAct="0"><SLName><![CDATA[Print]]></SLName><SLWF><![CDATA[devPrintHelper - Synchronous - Print]]></SLWF><SLWFBO><![CDATA[devPrintHelper]]></SLWFBO><SLWFMod><![CDATA[triHelper]]></SLWFMod></SubLabel></SubLabels></StateTransition><StateTransition CloseScr="1" Display="1" ReadOnly="1" Seq="2" StateSeq="1" SecAction="0"><State><![CDATA[triActive]]></State><Action><![CDATA[triDelete]]></Action><NState><![CDATA[null]]></NState><ActLabel><![CDATA[Delete]]></ActLabel><EJB /><Method /></StateTransition></StateTransitions><Mappings CntrlNumPref="0" CntrlNumStart="1000000"><CntrlNumDelim><![CDATA[-]]></CntrlNumDelim><NameMap><Map MapType="1" MapFieldSystemFlag="0"><MapField><![CDATA[triControlNumberCN]]></MapField><MapFieldSec><![CDATA[General]]></MapFieldSec><MapFieldLbl><![CDATA[Control Number]]></MapFieldLbl></Map></NameMap><ImageMap><Map MapType="0"><MapField><![CDATA[Image]]></MapField><MapFieldSec /><MapFieldLbl><![CDATA[Image]]></MapFieldLbl></Map></ImageMap><PrefixMap><Map MapType="0"><MapField><![CDATA[PRINT]]></MapField><MapFieldSec /><MapFieldLbl><![CDATA[PRINT]]></MapFieldLbl></Map></PrefixMap></Mappings></BO>
