<?xml version="1.0" encoding="UTF-8"?>
<List SysFlag="0" SrcType="0" DepenFlg="0"><Name><![CDATA[devContentTypes]]></Name><Desc /><Label><![CDATA[Content Types]]></Label><Prod><![CDATA[triHelper]]></Prod><Type /><SrcClassName /><SrcObjectName /><ParClassName /><ParListName /><ListValues><ListValue Deletable="true" SeqNo="0"><ListValueName><![CDATA[HTML]]></ListValueName><ParClassName /><ParListName /><ParListValName /></ListValue><ListValue Deletable="true" SeqNo="1"><ListValueName><![CDATA[RTF]]></ListValueName><ParClassName /><ParListName /><ParListValName /></ListValue><ListValue Deletable="true" SeqNo="2"><ListValueName><![CDATA[Text]]></ListValueName><ParClassName /><ParListName /><ParListValName /></ListValue></ListValues></List>
