<?xml version="1.0" encoding="UTF-8"?>
<BoRecords>     <BoRecord BoId="10023041" RecordId="-1" BoName="ResourceFile" GUIId="10032941" GUIName="ResourceFile" ModuleId="18" ModuleName="System" CompanyId="208133" ParentName="" ActionName="" ObjState="created" SourceId="12002404">
<BoSectionName NameValue="General">
                     <NameTX>
                         tririga-print.jar
                     </NameTX>
                     <ResourceFileBI>
                         146044_tririga-print.jar
                     </ResourceFileBI>
                     <DescriptionTX>
                         Custom task classes for printing.
                     </DescriptionTX>
                     <GeographyName>
                         
                     </GeographyName>
                     <LocationName>
                         
                     </LocationName>
                     <OrgName>
                         
                     </OrgName>
         </BoSectionName>
<BoSectionName NameValue="System Info">
                     <OrganizationId>
                         
                     </OrganizationId>
                     <GeographyId>
                         
                     </GeographyId>
                     <LocationId>
                         
                     </LocationId>
                     <Review___Status>
                         
                     </Review___Status>
                     <Prior___State>
                         created
                     </Prior___State>
                     <Type>
                         10023041
                     </Type>
                     <Parent>
                         
                     </Parent>
                     <CreatedTime>
                         1347558576557
                     </CreatedTime>
                     <ModifiedTime>
                         1347892738280
                     </ModifiedTime>
                     <CreatedBy>
                         11990188
                     </CreatedBy>
                     <ModifiedBy>
                         
                     </ModifiedBy>
         </BoSectionName>
     </BoRecord>
</BoRecords>
