<?xml version="1.0" encoding="UTF-8"?>
<BoRecords>     <BoRecord BoId="106615" RecordId="-1" BoName="Document" GUIId="106615" GUIName="Document" ModuleId="11" ModuleName="Document" CompanyId="208133" ParentName="\ROOT\TRIRIGA" ActionName="" ObjState="CheckedIn" SourceId="12002407">
         <User___Permissions>
         </User___Permissions>
<BoSectionName NameValue="RecordInformation">
                     <triRecordIdTX>
                         12002407
                     </triRecordIdTX>
                     <triRecordIdSY>
                         12002407
                     </triRecordIdSY>
                     <triBusinessObjectLabelSY>
                         Document
                     </triBusinessObjectLabelSY>
                     <triControlNumberCN>
                         1000613
                     </triControlNumberCN>
                     <SysModifiedDateTime>
                         2012/9/17 9:42:51 AM
                     </SysModifiedDateTime>
                     <SystemCreatedDateTime>
                         2012/9/14 6:16:32 AM
                     </SystemCreatedDateTime>
                     <BOTypeName>
                         Document
                     </BOTypeName>
                     <RecordName>
                         Test Print Document
                     </RecordName>
                     <triModifiedByTX>
                         Glass, Eric - eglass
                     </triModifiedByTX>
                     <DM_SPECIFY_REVISION>
                         Latest
                     </DM_SPECIFY_REVISION>
                     <triRecordNameSY>
                         Test Print Document
                     </triRecordNameSY>
                     <triModifiedSY>
                         2012/9/17 9:42:51 AM
                     </triModifiedSY>
                     <triCreatedBySY>
                         Test Print Document
                     </triCreatedBySY>
                     <triLanguageLI>
                         US English
                     </triLanguageLI>
                     <LocationName>
                         
                     </LocationName>
                     <triRecordStateSY>
                         CheckedIn
                     </triRecordStateSY>
                     <OrgName>
                         
                     </OrgName>
                     <triCreatedSY>
                         2012/9/14 6:16:32 AM
                     </triCreatedSY>
                     <triPathSY>
                         \ROOT\TRIRIGA\Test Print Document
                     </triPathSY>
                     <triFormLabelSY>
                         Document
                     </triFormLabelSY>
                     <triProjectNameSY>
                         
                     </triProjectNameSY>
                     <triBusinessObjectNameSY>
                         Document
                     </triBusinessObjectNameSY>
                     <triUserMessageTX>
                         
                     </triUserMessageTX>
                     <triUserMessageFlagTX>
                         
                     </triUserMessageFlagTX>
                     <triDocumentTypeCL>
                         
                     </triDocumentTypeCL>
                     <GeographyName>
                         
                     </GeographyName>
                     <DM_SMART_OBJECT_REV>
                         
                     </DM_SMART_OBJECT_REV>
                     <DM_REVISION_USED>
                         
                     </DM_REVISION_USED>
                     <DM_DOC_STATUS>
                         
                     </DM_DOC_STATUS>
         </BoSectionName>
         <Revision___History>
             <Revision___History_Item>
                     <DM_DOCUMENT_STATUS>
                         Work In Progress
                     </DM_DOCUMENT_STATUS>
                     <DM_USER>
                         Eric Glass
                     </DM_USER>
                     <DM_INTERNAL_REVISION>
                         0
                     </DM_INTERNAL_REVISION>
                     <DM_FILE_NAME>
                         test-document.txt
                     </DM_FILE_NAME>
                     <DM_FILE_SIZE>
                         1241
                     </DM_FILE_SIZE>
                     <DM_REVISION>
                         0.0
                     </DM_REVISION>
                     <DM_REVISION_DATE>
                         09/14/2012 09:16 AM
                     </DM_REVISION_DATE>
             </Revision___History_Item>
             <Revision___History_Item>
                     <DM_DOCUMENT_STATUS>
                         Work In Progress
                     </DM_DOCUMENT_STATUS>
                     <DM_USER>
                         Eric Glass
                     </DM_USER>
                     <DM_INTERNAL_REVISION>
                         1
                     </DM_INTERNAL_REVISION>
                     <DM_FILE_NAME>
                         test-document.txt
                     </DM_FILE_NAME>
                     <DM_FILE_SIZE>
                         1323
                     </DM_FILE_SIZE>
                     <DM_REVISION>
                         0.1
                     </DM_REVISION>
                     <DM_REVISION_DATE>
                         09/14/2012 10:02 AM
                     </DM_REVISION_DATE>
             </Revision___History_Item>
             <Revision___History_Item>
                     <DM_DOCUMENT_STATUS>
                         Work In Progress
                     </DM_DOCUMENT_STATUS>
                     <DM_USER>
                         Eric Glass
                     </DM_USER>
                     <DM_INTERNAL_REVISION>
                         2
                     </DM_INTERNAL_REVISION>
                     <DM_FILE_NAME>
                         test-document.txt
                     </DM_FILE_NAME>
                     <DM_FILE_SIZE>
                         1351
                     </DM_FILE_SIZE>
                     <DM_REVISION>
                         0.2
                     </DM_REVISION>
                     <DM_REVISION_DATE>
                         09/14/2012 10:04 AM
                     </DM_REVISION_DATE>
             </Revision___History_Item>
             <Revision___History_Item>
                     <DM_DOCUMENT_STATUS>
                         Work In Progress
                     </DM_DOCUMENT_STATUS>
                     <DM_USER>
                         Eric Glass
                     </DM_USER>
                     <DM_INTERNAL_REVISION>
                         3
                     </DM_INTERNAL_REVISION>
                     <DM_FILE_NAME>
                         test-document.txt
                     </DM_FILE_NAME>
                     <DM_FILE_SIZE>
                         1382
                     </DM_FILE_SIZE>
                     <DM_REVISION>
                         0.3
                     </DM_REVISION>
                     <DM_REVISION_DATE>
                         09/14/2012 10:08 AM
                     </DM_REVISION_DATE>
             </Revision___History_Item>
             <Revision___History_Item>
                     <DM_DOCUMENT_STATUS>
                         Work In Progress
                     </DM_DOCUMENT_STATUS>
                     <DM_USER>
                         Eric Glass
                     </DM_USER>
                     <DM_INTERNAL_REVISION>
                         4
                     </DM_INTERNAL_REVISION>
                     <DM_FILE_NAME>
                         test-document.txt
                     </DM_FILE_NAME>
                     <DM_FILE_SIZE>
                         1186
                     </DM_FILE_SIZE>
                     <DM_REVISION>
                         0.4
                     </DM_REVISION>
                     <DM_REVISION_DATE>
                         09/14/2012 10:09 AM
                     </DM_REVISION_DATE>
             </Revision___History_Item>
             <Revision___History_Item>
                     <DM_DOCUMENT_STATUS>
                         Work In Progress
                     </DM_DOCUMENT_STATUS>
                     <DM_USER>
                         Eric Glass
                     </DM_USER>
                     <DM_INTERNAL_REVISION>
                         5
                     </DM_INTERNAL_REVISION>
                     <DM_FILE_NAME>
                         test-document.txt
                     </DM_FILE_NAME>
                     <DM_FILE_SIZE>
                         401
                     </DM_FILE_SIZE>
                     <DM_REVISION>
                         0.5
                     </DM_REVISION>
                     <DM_REVISION_DATE>
                         09/17/2012 12:42 PM
                     </DM_REVISION_DATE>
             </Revision___History_Item>
         </Revision___History>
         <History___Log>
             <History___Log_Item>
                     <DM_USER>
                         Eric Glass
                     </DM_USER>
                     <DM_COMMENT>
                         Initial Check-in.
                     </DM_COMMENT>
                     <DM_DATE>
                         09/14/2012
                     </DM_DATE>
                     <DM_ACTION>
                         Created
                     </DM_ACTION>
                     <DM_REVISION>
                         0.0
                     </DM_REVISION>
             </History___Log_Item>
             <History___Log_Item>
                     <DM_USER>
                         Eric Glass
                     </DM_USER>
                     <DM_COMMENT>
                         Checked Out.
                     </DM_COMMENT>
                     <DM_DATE>
                         09/14/2012
                     </DM_DATE>
                     <DM_ACTION>
                         Checked Out
                     </DM_ACTION>
                     <DM_REVISION>
                         0.0
                     </DM_REVISION>
             </History___Log_Item>
             <History___Log_Item>
                     <DM_USER>
                         Eric Glass
                     </DM_USER>
                     <DM_COMMENT>
                         Checked In.
                     </DM_COMMENT>
                     <DM_DATE>
                         09/14/2012
                     </DM_DATE>
                     <DM_ACTION>
                         Checked In
                     </DM_ACTION>
                     <DM_REVISION>
                         0.1
                     </DM_REVISION>
             </History___Log_Item>
             <History___Log_Item>
                     <DM_USER>
                         Eric Glass
                     </DM_USER>
                     <DM_COMMENT>
                         Checked Out.
                     </DM_COMMENT>
                     <DM_DATE>
                         09/14/2012
                     </DM_DATE>
                     <DM_ACTION>
                         Checked Out
                     </DM_ACTION>
                     <DM_REVISION>
                         0.1
                     </DM_REVISION>
             </History___Log_Item>
             <History___Log_Item>
                     <DM_USER>
                         Eric Glass
                     </DM_USER>
                     <DM_COMMENT>
                         Checked In.
                     </DM_COMMENT>
                     <DM_DATE>
                         09/14/2012
                     </DM_DATE>
                     <DM_ACTION>
                         Checked In
                     </DM_ACTION>
                     <DM_REVISION>
                         0.2
                     </DM_REVISION>
             </History___Log_Item>
             <History___Log_Item>
                     <DM_USER>
                         Eric Glass
                     </DM_USER>
                     <DM_COMMENT>
                         Checked Out.
                     </DM_COMMENT>
                     <DM_DATE>
                         09/14/2012
                     </DM_DATE>
                     <DM_ACTION>
                         Checked Out
                     </DM_ACTION>
                     <DM_REVISION>
                         0.2
                     </DM_REVISION>
             </History___Log_Item>
             <History___Log_Item>
                     <DM_USER>
                         Eric Glass
                     </DM_USER>
                     <DM_COMMENT>
                         Checked In.
                     </DM_COMMENT>
                     <DM_DATE>
                         09/14/2012
                     </DM_DATE>
                     <DM_ACTION>
                         Checked In
                     </DM_ACTION>
                     <DM_REVISION>
                         0.3
                     </DM_REVISION>
             </History___Log_Item>
             <History___Log_Item>
                     <DM_USER>
                         Eric Glass
                     </DM_USER>
                     <DM_COMMENT>
                         Checked Out.
                     </DM_COMMENT>
                     <DM_DATE>
                         09/14/2012
                     </DM_DATE>
                     <DM_ACTION>
                         Checked Out
                     </DM_ACTION>
                     <DM_REVISION>
                         0.3
                     </DM_REVISION>
             </History___Log_Item>
             <History___Log_Item>
                     <DM_USER>
                         Eric Glass
                     </DM_USER>
                     <DM_COMMENT>
                         Checked In.
                     </DM_COMMENT>
                     <DM_DATE>
                         09/14/2012
                     </DM_DATE>
                     <DM_ACTION>
                         Checked In
                     </DM_ACTION>
                     <DM_REVISION>
                         0.4
                     </DM_REVISION>
             </History___Log_Item>
             <History___Log_Item>
                     <DM_USER>
                         Eric Glass
                     </DM_USER>
                     <DM_COMMENT>
                         Checked Out.
                     </DM_COMMENT>
                     <DM_DATE>
                         09/17/2012
                     </DM_DATE>
                     <DM_ACTION>
                         Checked Out
                     </DM_ACTION>
                     <DM_REVISION>
                         0.4
                     </DM_REVISION>
             </History___Log_Item>
             <History___Log_Item>
                     <DM_USER>
                         Eric Glass
                     </DM_USER>
                     <DM_COMMENT>
                         Checked In.
                     </DM_COMMENT>
                     <DM_DATE>
                         09/17/2012
                     </DM_DATE>
                     <DM_ACTION>
                         Checked In
                     </DM_ACTION>
                     <DM_REVISION>
                         0.5
                     </DM_REVISION>
             </History___Log_Item>
         </History___Log>
         <Documents___Referenced>
         </Documents___Referenced>
<BoSectionName NameValue="General Info">
                     <DM_FILE_SIZE>
                         401
                     </DM_FILE_SIZE>
                     <Name>
                         Test Print Document
                     </Name>
                     <DM_REVISION_DATE>
                         09/17/2012 12:42 PM
                     </DM_REVISION_DATE>
                     <Description>
                         
                     </Description>
                     <DM_PUBLISHED_FLAG>
                         false
                     </DM_PUBLISHED_FLAG>
                     <DM_DOCUMENT_STATUS>
                         Work In Progress
                     </DM_DOCUMENT_STATUS>
                     <DM_FILE_STATUS>
                         Checked In
                     </DM_FILE_STATUS>
                     <DM_REVISION>
                         0.5
                     </DM_REVISION>
                     <DM_PERMISSIONS_CHECKSUM>
                         ea7qb4nylgh7o92vfh4uvv3b9
                     </DM_PERMISSIONS_CHECKSUM>
                     <DM_PATH>
                         \ROOT\TRIRIGA\Test Print Document
                     </DM_PATH>
                     <DM_FILE_TYPE>
                         Text Document
                     </DM_FILE_TYPE>
                     <DM_FILE_NAME>
                         test-document.txt
                     </DM_FILE_NAME>
                     <DM_FILE_OWNER>
                         Eric Glass
                     </DM_FILE_OWNER>
                     <DM_DOCUMENT_NUMBER>
                         
                     </DM_DOCUMENT_NUMBER>
                     <DM_DATE_CREATED>
                         09/17/2012
                     </DM_DATE_CREATED>
                     <SYSTEM_FILE_PATH>
                         \ROOT\TRIRIGA\Test Print Document
                     </SYSTEM_FILE_PATH>
                     <ReportFile>
                         FALSE
                     </ReportFile>
         </BoSectionName>
<BoSectionName NameValue="System Info">
                     <Review___Status>
                         
                     </Review___Status>
                     <Prior___State>
                         CheckedOut
                     </Prior___State>
                     <Type>
                         106615
                     </Type>
                     <Parent>
                         1317178
                     </Parent>
         </BoSectionName>
         <Markups>
         </Markups>
         <Group___Permissions>
         </Group___Permissions>
         <Comments>
             <Comments_Item>
                     <DM_USER>
                         Eric Glass
                     </DM_USER>
                     <DM_SUBJECT>
                         Checked Out
                     </DM_SUBJECT>
                     <DM_DATE>
                         09/14/2012
                     </DM_DATE>
                     <DM_REVISION>
                         0.0
                     </DM_REVISION>
             </Comments_Item>
             <Comments_Item>
                     <DM_USER>
                         Eric Glass
                     </DM_USER>
                     <DM_SUBJECT>
                         Checked Out
                     </DM_SUBJECT>
                     <DM_DATE>
                         09/14/2012
                     </DM_DATE>
                     <DM_REVISION>
                         0.1
                     </DM_REVISION>
             </Comments_Item>
             <Comments_Item>
                     <DM_USER>
                         Eric Glass
                     </DM_USER>
                     <DM_SUBJECT>
                         Checked Out
                     </DM_SUBJECT>
                     <DM_DATE>
                         09/14/2012
                     </DM_DATE>
                     <DM_REVISION>
                         0.2
                     </DM_REVISION>
             </Comments_Item>
             <Comments_Item>
                     <DM_USER>
                         Eric Glass
                     </DM_USER>
                     <DM_SUBJECT>
                         Checked Out
                     </DM_SUBJECT>
                     <DM_DATE>
                         09/14/2012
                     </DM_DATE>
                     <DM_REVISION>
                         0.3
                     </DM_REVISION>
             </Comments_Item>
             <Comments_Item>
                     <DM_USER>
                         Eric Glass
                     </DM_USER>
                     <DM_SUBJECT>
                         Checked Out
                     </DM_SUBJECT>
                     <DM_DATE>
                         09/17/2012
                     </DM_DATE>
                     <DM_REVISION>
                         0.4
                     </DM_REVISION>
             </Comments_Item>
         </Comments>
     </BoRecord>
</BoRecords>
